product_id,id_status,category_id,source_file,source_hash,source_sheet,source_row,source_sequence_number,source_lineage,menu_version,source_category_name,source_name_en,source_name_ar,source_price,normalized_name_en,name_en_status,name_en_decision,normalized_name_ar,name_ar_status,name_ar_decision,suggested_name_ar,display_name_en,display_style_en,display_name_ar,price_fils,currency,tax_inclusive,valid_from,valid_to,approval_status,data_quality_status,data_quality_flags,presence_status,sale_status,publish_status,merge_status,merged_into_product_id,product_family_id,variant_group_id,availability_drive,availability_house,size_info_status,addons_on_website,description_status,image_status,pos_item_id,external_item_id,created_at,updated_at
PRD-00001,FROZEN,CAT-001,OWNER-OFFICIAL-MENU-2026-10-01.xlsx,dfde223f219443454872e81ae64a1e8d4c55e486fe52a29f87ca1682979c8d97,Sheet1,3,1,Sheet1!R3 (#1),MV-2026-10-01,HOT DRINKS,TURKISH COFFEE S,قهوة تركية سادة,1.50,TURKISH COFFEE SINGLE,APPROVED — CORRECTED,G6 D-127,قهوة تركية سينجل,APPROVED — CORRECTED,G6 D-127,,TURKISH COFFEE SINGLE,ALL_CAPS (D-131),قهوة تركية سينجل,1500,JOD,true,2026-10-01,,APPROVED — v1.0,CLEAN,,PRESENT IN CURRENT OWNER FILE,ON OFFICIAL MENU MV-2026-10-01,DRAFT — READY FOR MENU IA,NONE,,,,UNKNOWN,UNKNOWN,ONE SIZE ONLY (D-118),false (D-119),DESCRIPTION MISSING,MISSING,,,2026-10-01,2026-10-01
PRD-00002,FROZEN,CAT-001,OWNER-OFFICIAL-MENU-2026-10-01.xlsx,dfde223f219443454872e81ae64a1e8d4c55e486fe52a29f87ca1682979c8d97,Sheet1,4,2,Sheet1!R4 (#2),MV-2026-10-01,HOT DRINKS,TURKISH COFFEE D,قهوة تركية وسط/حلوة,2.50,TURKISH COFFEE DOUBLE,APPROVED — CORRECTED,G6 D-127,قهوة تركية دوبل,APPROVED — CORRECTED,G6 D-127,,TURKISH COFFEE DOUBLE,ALL_CAPS (D-131),قهوة تركية دوبل,2500,JOD,true,2026-10-01,,APPROVED — v1.0,CLEAN,,PRESENT IN CURRENT OWNER FILE,ON OFFICIAL MENU MV-2026-10-01,DRAFT — READY FOR MENU IA,NONE,,,,UNKNOWN,UNKNOWN,ONE SIZE ONLY (D-118),false (D-119),DESCRIPTION MISSING,MISSING,,,2026-10-01,2026-10-01
PRD-00003,FROZEN,CAT-001,OWNER-OFFICIAL-MENU-2026-10-01.xlsx,dfde223f219443454872e81ae64a1e8d4c55e486fe52a29f87ca1682979c8d97,Sheet1,5,3,Sheet1!R5 (#3),MV-2026-10-01,HOT DRINKS,AMERICAN COFFEE,قهوة أمريكية,2.00,AMERICAN COFFEE,APPROVED — OFFICIAL SOURCE AS IS (D-089),,,SOURCE-PROVIDED — PENDING OWNER REVIEW (D-091),,,AMERICAN COFFEE,ALL_CAPS (D-131),,2000,JOD,true,2026-10-01,,APPROVED — v1.0,ARABIC_NAME_PENDING_REVIEW,ARABIC_NAME_PENDING_REVIEW,PRESENT IN CURRENT OWNER FILE,ON OFFICIAL MENU MV-2026-10-01,DRAFT — READY FOR MENU IA,NONE,,,,UNKNOWN,UNKNOWN,ONE SIZE ONLY (D-118),false (D-119),DESCRIPTION MISSING,MISSING,,,2026-10-01,2026-10-01
PRD-00004,FROZEN,CAT-001,OWNER-OFFICIAL-MENU-2026-10-01.xlsx,dfde223f219443454872e81ae64a1e8d4c55e486fe52a29f87ca1682979c8d97,Sheet1,6,4,Sheet1!R6 (#4),MV-2026-10-01,HOT DRINKS,AMERICANO,أمريكانو,2.00,AMERICANO,APPROVED — OFFICIAL SOURCE AS IS (D-089),,,SOURCE-PROVIDED — PENDING OWNER REVIEW (D-091),,,AMERICANO,ALL_CAPS (D-131),,2000,JOD,true,2026-10-01,,APPROVED — v1.0,ARABIC_NAME_PENDING_REVIEW,ARABIC_NAME_PENDING_REVIEW,PRESENT IN CURRENT OWNER FILE,ON OFFICIAL MENU MV-2026-10-01,DRAFT — READY FOR MENU IA,NONE,,,,UNKNOWN,UNKNOWN,ONE SIZE ONLY (D-118),false (D-119),DESCRIPTION MISSING,MISSING,,,2026-10-01,2026-10-01
PRD-00005,FROZEN,CAT-001,OWNER-OFFICIAL-MENU-2026-10-01.xlsx,dfde223f219443454872e81ae64a1e8d4c55e486fe52a29f87ca1682979c8d97,Sheet1,7,5,Sheet1!R7 (#5),MV-2026-10-01,HOT DRINKS,RED EYE,ريد آي,2.50,RED EYE,APPROVED — OFFICIAL SOURCE AS IS (D-089),,,SOURCE-PROVIDED — PENDING OWNER REVIEW (D-091),,,RED EYE,ALL_CAPS (D-131),,2500,JOD,true,2026-10-01,,APPROVED — v1.0,ARABIC_NAME_PENDING_REVIEW,ARABIC_NAME_PENDING_REVIEW,PRESENT IN CURRENT OWNER FILE,ON OFFICIAL MENU MV-2026-10-01,DRAFT — READY FOR MENU IA,NONE,,,,UNKNOWN,UNKNOWN,ONE SIZE ONLY (D-118),false (D-119),DESCRIPTION MISSING,MISSING,,,2026-10-01,2026-10-01
PRD-00006,FROZEN,CAT-001,OWNER-OFFICIAL-MENU-2026-10-01.xlsx,dfde223f219443454872e81ae64a1e8d4c55e486fe52a29f87ca1682979c8d97,Sheet1,8,6,Sheet1!R8 (#6),MV-2026-10-01,HOT DRINKS,BLACK EYE,بلاك آي,2.75,BLACK EYE,APPROVED — OFFICIAL SOURCE AS IS (D-089),,,SOURCE-PROVIDED — PENDING OWNER REVIEW (D-091),,,BLACK EYE,ALL_CAPS (D-131),,2750,JOD,true,2026-10-01,,APPROVED — v1.0,ARABIC_NAME_PENDING_REVIEW,ARABIC_NAME_PENDING_REVIEW,PRESENT IN CURRENT OWNER FILE,ON OFFICIAL MENU MV-2026-10-01,DRAFT — READY FOR MENU IA,NONE,,,,UNKNOWN,UNKNOWN,ONE SIZE ONLY (D-118),false (D-119),DESCRIPTION MISSING,MISSING,,,2026-10-01,2026-10-01
PRD-00007,FROZEN,CAT-001,OWNER-OFFICIAL-MENU-2026-10-01.xlsx,dfde223f219443454872e81ae64a1e8d4c55e486fe52a29f87ca1682979c8d97,Sheet1,9,7,Sheet1!R9 (#7),MV-2026-10-01,HOT DRINKS,DEAD EYE,ديد آي,3.00,DEAD EYE,APPROVED — OFFICIAL SOURCE AS IS (D-089),,,SOURCE-PROVIDED — PENDING OWNER REVIEW (D-091),,,DEAD EYE,ALL_CAPS (D-131),,3000,JOD,true,2026-10-01,,APPROVED — v1.0,ARABIC_NAME_PENDING_REVIEW,ARABIC_NAME_PENDING_REVIEW,PRESENT IN CURRENT OWNER FILE,ON OFFICIAL MENU MV-2026-10-01,DRAFT — READY FOR MENU IA,NONE,,,,UNKNOWN,UNKNOWN,ONE SIZE ONLY (D-118),false (D-119),DESCRIPTION MISSING,MISSING,,,2026-10-01,2026-10-01
PRD-00008,FROZEN,CAT-001,OWNER-OFFICIAL-MENU-2026-10-01.xlsx,dfde223f219443454872e81ae64a1e8d4c55e486fe52a29f87ca1682979c8d97,Sheet1,10,8,Sheet1!R10 (#8),MV-2026-10-01,HOT DRINKS,EYE OF THE TIGER,آي أوف ذا تايغر,3.25,EYE OF THE TIGER,APPROVED — OFFICIAL SOURCE AS IS (D-089),,,SOURCE-PROVIDED — PENDING OWNER REVIEW (D-091),,,EYE OF THE TIGER,ALL_CAPS (D-131),,3250,JOD,true,2026-10-01,,APPROVED — v1.0,ARABIC_NAME_PENDING_REVIEW,ARABIC_NAME_PENDING_REVIEW,PRESENT IN CURRENT OWNER FILE,ON OFFICIAL MENU MV-2026-10-01,DRAFT — READY FOR MENU IA,NONE,,,,UNKNOWN,UNKNOWN,ONE SIZE ONLY (D-118),false (D-119),DESCRIPTION MISSING,MISSING,,,2026-10-01,2026-10-01
PRD-00009,FROZEN,CAT-001,OWNER-OFFICIAL-MENU-2026-10-01.xlsx,dfde223f219443454872e81ae64a1e8d4c55e486fe52a29f87ca1682979c8d97,Sheet1,11,9,Sheet1!R11 (#9),MV-2026-10-01,HOT DRINKS,ESPRESSO D,إسبريسو دوبل,2.00,ESPRESSO DOUBLE,APPROVED — CORRECTED,G5 D-126,,SOURCE-PROVIDED — PENDING OWNER REVIEW (D-091),,,ESPRESSO DOUBLE,ALL_CAPS (D-131),,2000,JOD,true,2026-10-01,,APPROVED — v1.0,ARABIC_NAME_PENDING_REVIEW,ARABIC_NAME_PENDING_REVIEW,PRESENT IN CURRENT OWNER FILE,ON OFFICIAL MENU MV-2026-10-01,DRAFT — READY FOR MENU IA,NONE,,,,UNKNOWN,UNKNOWN,ONE SIZE ONLY (D-118),false (D-119),DESCRIPTION MISSING,MISSING,,,2026-10-01,2026-10-01
PRD-00010,FROZEN,CAT-001,OWNER-OFFICIAL-MENU-2026-10-01.xlsx,dfde223f219443454872e81ae64a1e8d4c55e486fe52a29f87ca1682979c8d97,Sheet1,12,10,Sheet1!R12 (#10),MV-2026-10-01,HOT DRINKS,ESPRESSO CON PANNA,إسبريسو كون بانا,2.50,ESPRESSO CON PANNA,APPROVED — OFFICIAL SOURCE AS IS (D-089),,,SOURCE-PROVIDED — PENDING OWNER REVIEW (D-091),,,ESPRESSO CON PANNA,ALL_CAPS (D-131),,2500,JOD,true,2026-10-01,,APPROVED — v1.0,ARABIC_NAME_PENDING_REVIEW,ARABIC_NAME_PENDING_REVIEW,PRESENT IN CURRENT OWNER FILE,ON OFFICIAL MENU MV-2026-10-01,DRAFT — READY FOR MENU IA,NONE,,,,UNKNOWN,UNKNOWN,ONE SIZE ONLY (D-118),false (D-119),DESCRIPTION MISSING,MISSING,,,2026-10-01,2026-10-01
PRD-00011,FROZEN,CAT-001,OWNER-OFFICIAL-MENU-2026-10-01.xlsx,dfde223f219443454872e81ae64a1e8d4c55e486fe52a29f87ca1682979c8d97,Sheet1,13,11,Sheet1!R13 (#11),MV-2026-10-01,HOT DRINKS,ESPRESSO MACCHIATO,إسبريسو ماكياتو,2.50,ESPRESSO MACCHIATO,APPROVED — OFFICIAL SOURCE AS IS (D-089),,,SOURCE-PROVIDED — PENDING OWNER REVIEW (D-091),,,ESPRESSO MACCHIATO,ALL_CAPS (D-131),,2500,JOD,true,2026-10-01,,APPROVED — v1.0,ARABIC_NAME_PENDING_REVIEW,ARABIC_NAME_PENDING_REVIEW,PRESENT IN CURRENT OWNER FILE,ON OFFICIAL MENU MV-2026-10-01,DRAFT — READY FOR MENU IA,NONE,,,,UNKNOWN,UNKNOWN,ONE SIZE ONLY (D-118),false (D-119),DESCRIPTION MISSING,MISSING,,,2026-10-01,2026-10-01
PRD-00012,FROZEN,CAT-001,OWNER-OFFICIAL-MENU-2026-10-01.xlsx,dfde223f219443454872e81ae64a1e8d4c55e486fe52a29f87ca1682979c8d97,Sheet1,14,12,Sheet1!R14 (#12),MV-2026-10-01,HOT DRINKS,MACCHIATO,ماكياتو,2.50,MACCHIATO,APPROVED — OFFICIAL SOURCE AS IS (D-089),,,SOURCE-PROVIDED — PENDING OWNER REVIEW (D-091),,,MACCHIATO,ALL_CAPS (D-131),,2500,JOD,true,2026-10-01,,APPROVED — v1.0,ARABIC_NAME_PENDING_REVIEW,ARABIC_NAME_PENDING_REVIEW,PRESENT IN CURRENT OWNER FILE,ON OFFICIAL MENU MV-2026-10-01,DRAFT — READY FOR MENU IA,NONE,,,,UNKNOWN,UNKNOWN,ONE SIZE ONLY (D-118),false (D-119),DESCRIPTION MISSING,MISSING,,,2026-10-01,2026-10-01
PRD-00013,FROZEN,CAT-001,OWNER-OFFICIAL-MENU-2026-10-01.xlsx,dfde223f219443454872e81ae64a1e8d4c55e486fe52a29f87ca1682979c8d97,Sheet1,15,13,Sheet1!R15 (#13),MV-2026-10-01,HOT DRINKS,CARAMEL MACCHIATO,كراميل ماكياتو,3.00,CARAMEL MACCHIATO,APPROVED — OFFICIAL SOURCE AS IS (D-089),,,SOURCE-PROVIDED — PENDING OWNER REVIEW (D-091),,,CARAMEL MACCHIATO,ALL_CAPS (D-131),,3000,JOD,true,2026-10-01,,APPROVED — v1.0,ARABIC_NAME_PENDING_REVIEW,ARABIC_NAME_PENDING_REVIEW,PRESENT IN CURRENT OWNER FILE,ON OFFICIAL MENU MV-2026-10-01,DRAFT — READY FOR MENU IA,NONE,,,,UNKNOWN,UNKNOWN,ONE SIZE ONLY (D-118),false (D-119),DESCRIPTION MISSING,MISSING,,,2026-10-01,2026-10-01
PRD-00014,FROZEN,CAT-001,OWNER-OFFICIAL-MENU-2026-10-01.xlsx,dfde223f219443454872e81ae64a1e8d4c55e486fe52a29f87ca1682979c8d97,Sheet1,16,14,Sheet1!R16 (#14),MV-2026-10-01,HOT DRINKS,CAPPUCCINO,كابتشينو,2.50,CAPPUCCINO,APPROVED — OFFICIAL SOURCE AS IS (D-089),,,SOURCE-PROVIDED — PENDING OWNER REVIEW (D-091),,,CAPPUCCINO,ALL_CAPS (D-131),,2500,JOD,true,2026-10-01,,APPROVED — v1.0,ARABIC_NAME_PENDING_REVIEW,ARABIC_NAME_PENDING_REVIEW,PRESENT IN CURRENT OWNER FILE,ON OFFICIAL MENU MV-2026-10-01,DRAFT — READY FOR MENU IA,NONE,,,,UNKNOWN,UNKNOWN,ONE SIZE ONLY (D-118),false (D-119),DESCRIPTION MISSING,MISSING,,,2026-10-01,2026-10-01
PRD-00015,FROZEN,CAT-001,OWNER-OFFICIAL-MENU-2026-10-01.xlsx,dfde223f219443454872e81ae64a1e8d4c55e486fe52a29f87ca1682979c8d97,Sheet1,17,15,Sheet1!R17 (#15),MV-2026-10-01,HOT DRINKS,LATTE,لاتيه,2.50,LATTE,APPROVED — OFFICIAL SOURCE AS IS (D-089),,,SOURCE-PROVIDED — PENDING OWNER REVIEW (D-091),,,LATTE,ALL_CAPS (D-131),,2500,JOD,true,2026-10-01,,APPROVED — v1.0,ARABIC_NAME_PENDING_REVIEW,ARABIC_NAME_PENDING_REVIEW,PRESENT IN CURRENT OWNER FILE,ON OFFICIAL MENU MV-2026-10-01,DRAFT — READY FOR MENU IA,NONE,,,,UNKNOWN,UNKNOWN,ONE SIZE ONLY (D-118),false (D-119),DESCRIPTION MISSING,MISSING,,,2026-10-01,2026-10-01
PRD-00016,FROZEN,CAT-001,OWNER-OFFICIAL-MENU-2026-10-01.xlsx,dfde223f219443454872e81ae64a1e8d4c55e486fe52a29f87ca1682979c8d97,Sheet1,18,16,Sheet1!R18 (#16),MV-2026-10-01,HOT DRINKS,FLAT WHITE,فلات وايت,2.50,FLAT WHITE,APPROVED — OFFICIAL SOURCE AS IS (D-089),,,SOURCE-PROVIDED — PENDING OWNER REVIEW (D-091),,,FLAT WHITE,ALL_CAPS (D-131),,2500,JOD,true,2026-10-01,,APPROVED — v1.0,ARABIC_NAME_PENDING_REVIEW,ARABIC_NAME_PENDING_REVIEW,PRESENT IN CURRENT OWNER FILE,ON OFFICIAL MENU MV-2026-10-01,DRAFT — READY FOR MENU IA,NONE,,,,UNKNOWN,UNKNOWN,ONE SIZE ONLY (D-118),false (D-119),DESCRIPTION MISSING,MISSING,,,2026-10-01,2026-10-01
PRD-00017,FROZEN,CAT-001,OWNER-OFFICIAL-MENU-2026-10-01.xlsx,dfde223f219443454872e81ae64a1e8d4c55e486fe52a29f87ca1682979c8d97,Sheet1,19,17,Sheet1!R19 (#17),MV-2026-10-01,HOT DRINKS,CORTADO,كورتادو,2.50,CORTADO,APPROVED — OFFICIAL SOURCE AS IS (D-089),,,SOURCE-PROVIDED — PENDING OWNER REVIEW (D-091),,,CORTADO,ALL_CAPS (D-131),,2500,JOD,true,2026-10-01,,APPROVED — v1.0,ARABIC_NAME_PENDING_REVIEW,ARABIC_NAME_PENDING_REVIEW,PRESENT IN CURRENT OWNER FILE,ON OFFICIAL MENU MV-2026-10-01,DRAFT — READY FOR MENU IA,NONE,,,,UNKNOWN,UNKNOWN,ONE SIZE ONLY (D-118),false (D-119),DESCRIPTION MISSING,MISSING,,,2026-10-01,2026-10-01
PRD-00018,FROZEN,CAT-001,OWNER-OFFICIAL-MENU-2026-10-01.xlsx,dfde223f219443454872e81ae64a1e8d4c55e486fe52a29f87ca1682979c8d97,Sheet1,20,18,Sheet1!R20 (#18),MV-2026-10-01,HOT DRINKS,SPANISH LATTE,سبانيش لاتيه,3.00,SPANISH LATTE,APPROVED — OFFICIAL SOURCE AS IS (D-089),,,SOURCE-PROVIDED — PENDING OWNER REVIEW (D-091),,,SPANISH LATTE,ALL_CAPS (D-131),,3000,JOD,true,2026-10-01,,APPROVED — v1.0,ARABIC_NAME_PENDING_REVIEW,ARABIC_NAME_PENDING_REVIEW,PRESENT IN CURRENT OWNER FILE,ON OFFICIAL MENU MV-2026-10-01,DRAFT — READY FOR MENU IA,NONE,,,,UNKNOWN,UNKNOWN,ONE SIZE ONLY (D-118),false (D-119),DESCRIPTION MISSING,MISSING,,,2026-10-01,2026-10-01
PRD-00019,FROZEN,CAT-001,OWNER-OFFICIAL-MENU-2026-10-01.xlsx,dfde223f219443454872e81ae64a1e8d4c55e486fe52a29f87ca1682979c8d97,Sheet1,21,19,Sheet1!R21 (#19),MV-2026-10-01,HOT DRINKS,FRENCH COFFEE,قهوة فرنسية,3.25,FRENCH COFFEE,APPROVED — OFFICIAL SOURCE AS IS (D-089),,,SOURCE-PROVIDED — PENDING OWNER REVIEW (D-091),,,FRENCH COFFEE,ALL_CAPS (D-131),,3250,JOD,true,2026-10-01,,APPROVED — v1.0,ARABIC_NAME_PENDING_REVIEW,ARABIC_NAME_PENDING_REVIEW,PRESENT IN CURRENT OWNER FILE,ON OFFICIAL MENU MV-2026-10-01,DRAFT — READY FOR MENU IA,NONE,,,,UNKNOWN,UNKNOWN,ONE SIZE ONLY (D-118),false (D-119),DESCRIPTION MISSING,MISSING,,,2026-10-01,2026-10-01
PRD-00020,FROZEN,CAT-001,OWNER-OFFICIAL-MENU-2026-10-01.xlsx,dfde223f219443454872e81ae64a1e8d4c55e486fe52a29f87ca1682979c8d97,Sheet1,22,20,Sheet1!R22 (#20),MV-2026-10-01,HOT DRINKS,CARAMEL LATTE,كراميل لاتيه,2.75,CARAMEL LATTE,APPROVED — OFFICIAL SOURCE AS IS (D-089),,,SOURCE-PROVIDED — PENDING OWNER REVIEW (D-091),,,CARAMEL LATTE,ALL_CAPS (D-131),,2750,JOD,true,2026-10-01,,APPROVED — v1.0,ARABIC_NAME_PENDING_REVIEW,ARABIC_NAME_PENDING_REVIEW,PRESENT IN CURRENT OWNER FILE,ON OFFICIAL MENU MV-2026-10-01,DRAFT — READY FOR MENU IA,NONE,,,,UNKNOWN,UNKNOWN,ONE SIZE ONLY (D-118),false (D-119),DESCRIPTION MISSING,MISSING,,,2026-10-01,2026-10-01
PRD-00021,FROZEN,CAT-001,OWNER-OFFICIAL-MENU-2026-10-01.xlsx,dfde223f219443454872e81ae64a1e8d4c55e486fe52a29f87ca1682979c8d97,Sheet1,23,21,Sheet1!R23 (#21),MV-2026-10-01,HOT DRINKS,VANILIA LATTE,فانيلا لاتيه,2.75,VANILLA LATTE,APPROVED — CORRECTED,G1 D-126,,SOURCE-PROVIDED — PENDING OWNER REVIEW (D-091),,,VANILLA LATTE,ALL_CAPS (D-131),,2750,JOD,true,2026-10-01,,APPROVED — v1.0,ARABIC_NAME_PENDING_REVIEW,ARABIC_NAME_PENDING_REVIEW,PRESENT IN CURRENT OWNER FILE,ON OFFICIAL MENU MV-2026-10-01,DRAFT — READY FOR MENU IA,NONE,,,,UNKNOWN,UNKNOWN,ONE SIZE ONLY (D-118),false (D-119),DESCRIPTION MISSING,MISSING,,,2026-10-01,2026-10-01
PRD-00022,FROZEN,CAT-001,OWNER-OFFICIAL-MENU-2026-10-01.xlsx,dfde223f219443454872e81ae64a1e8d4c55e486fe52a29f87ca1682979c8d97,Sheet1,24,22,Sheet1!R24 (#22),MV-2026-10-01,HOT DRINKS,HAZELNUT LATTE,هازلنت لاتيه,2.75,HAZELNUT LATTE,APPROVED — OFFICIAL SOURCE AS IS (D-089),,,SOURCE-PROVIDED — PENDING OWNER REVIEW (D-091),,,HAZELNUT LATTE,ALL_CAPS (D-131),,2750,JOD,true,2026-10-01,,APPROVED — v1.0,ARABIC_NAME_PENDING_REVIEW,ARABIC_NAME_PENDING_REVIEW,PRESENT IN CURRENT OWNER FILE,ON OFFICIAL MENU MV-2026-10-01,DRAFT — READY FOR MENU IA,NONE,,,,UNKNOWN,UNKNOWN,ONE SIZE ONLY (D-118),false (D-119),DESCRIPTION MISSING,MISSING,,,2026-10-01,2026-10-01
PRD-00023,FROZEN,CAT-001,OWNER-OFFICIAL-MENU-2026-10-01.xlsx,dfde223f219443454872e81ae64a1e8d4c55e486fe52a29f87ca1682979c8d97,Sheet1,25,23,Sheet1!R25 (#23),MV-2026-10-01,HOT DRINKS,CINAMON NUT LATTE,سينامون نت لاتيه,3.00,CINNAMON NUT LATTE,APPROVED — CORRECTED,G1 D-126,,SOURCE-PROVIDED — PENDING OWNER REVIEW (D-091),,,CINNAMON NUT LATTE,ALL_CAPS (D-131),,3000,JOD,true,2026-10-01,,APPROVED — v1.0,ARABIC_NAME_PENDING_REVIEW,ARABIC_NAME_PENDING_REVIEW,PRESENT IN CURRENT OWNER FILE,ON OFFICIAL MENU MV-2026-10-01,DRAFT — READY FOR MENU IA,NONE,,,,UNKNOWN,UNKNOWN,ONE SIZE ONLY (D-118),false (D-119),DESCRIPTION MISSING,MISSING,,,2026-10-01,2026-10-01
PRD-00024,FROZEN,CAT-001,OWNER-OFFICIAL-MENU-2026-10-01.xlsx,dfde223f219443454872e81ae64a1e8d4c55e486fe52a29f87ca1682979c8d97,Sheet1,26,24,Sheet1!R26 (#24),MV-2026-10-01,HOT DRINKS,SALTED CARAMEL LATTE,سولتد كراميل لاتيه,3.00,SALTED CARAMEL LATTE,APPROVED — OFFICIAL SOURCE AS IS (D-089),,,SOURCE-PROVIDED — PENDING OWNER REVIEW (D-091),,,SALTED CARAMEL LATTE,ALL_CAPS (D-131),,3000,JOD,true,2026-10-01,,APPROVED — v1.0,ARABIC_NAME_PENDING_REVIEW,ARABIC_NAME_PENDING_REVIEW,PRESENT IN CURRENT OWNER FILE,ON OFFICIAL MENU MV-2026-10-01,DRAFT — READY FOR MENU IA,NONE,,,,UNKNOWN,UNKNOWN,ONE SIZE ONLY (D-118),false (D-119),DESCRIPTION MISSING,MISSING,,,2026-10-01,2026-10-01
PRD-00025,FROZEN,CAT-001,OWNER-OFFICIAL-MENU-2026-10-01.xlsx,dfde223f219443454872e81ae64a1e8d4c55e486fe52a29f87ca1682979c8d97,Sheet1,27,25,Sheet1!R27 (#25),MV-2026-10-01,HOT DRINKS,IRISH LATTE,آيريش لاتيه,3.00,IRISH LATTE,APPROVED — OFFICIAL SOURCE AS IS (D-089),,,SOURCE-PROVIDED — PENDING OWNER REVIEW (D-091),,,IRISH LATTE,ALL_CAPS (D-131),,3000,JOD,true,2026-10-01,,APPROVED — v1.0,ARABIC_NAME_PENDING_REVIEW,ARABIC_NAME_PENDING_REVIEW,PRESENT IN CURRENT OWNER FILE,ON OFFICIAL MENU MV-2026-10-01,DRAFT — READY FOR MENU IA,NONE,,,,UNKNOWN,UNKNOWN,ONE SIZE ONLY (D-118),false (D-119),DESCRIPTION MISSING,MISSING,,,2026-10-01,2026-10-01
PRD-00026,FROZEN,CAT-001,OWNER-OFFICIAL-MENU-2026-10-01.xlsx,dfde223f219443454872e81ae64a1e8d4c55e486fe52a29f87ca1682979c8d97,Sheet1,28,26,Sheet1!R28 (#26),MV-2026-10-01,HOT DRINKS,MATCHA LATTE,ماتشا لاتيه,3.50,MATCHA LATTE,APPROVED — OFFICIAL SOURCE AS IS (D-089),,,SOURCE-PROVIDED — PENDING OWNER REVIEW (D-091),,,MATCHA LATTE,ALL_CAPS (D-131),,3500,JOD,true,2026-10-01,,APPROVED — v1.0,ARABIC_NAME_PENDING_REVIEW,ARABIC_NAME_PENDING_REVIEW,PRESENT IN CURRENT OWNER FILE,ON OFFICIAL MENU MV-2026-10-01,DRAFT — READY FOR MENU IA,NONE,,,,UNKNOWN,UNKNOWN,ONE SIZE ONLY (D-118),false (D-119),DESCRIPTION MISSING,MISSING,,,2026-10-01,2026-10-01
PRD-00027,FROZEN,CAT-001,OWNER-OFFICIAL-MENU-2026-10-01.xlsx,dfde223f219443454872e81ae64a1e8d4c55e486fe52a29f87ca1682979c8d97,Sheet1,29,27,Sheet1!R29 (#27),MV-2026-10-01,HOT DRINKS,CARAMEL FREE LATTE,كراميل لاتيه (بدون سكر),2.75,CARAMEL LATTE (SUGAR-FREE),APPROVED — CORRECTED,G4 D-126,,SOURCE-PROVIDED — PENDING OWNER REVIEW (D-091),,,CARAMEL LATTE (SUGAR-FREE),ALL_CAPS (D-131),,2750,JOD,true,2026-10-01,,APPROVED — v1.0,ARABIC_NAME_PENDING_REVIEW,ARABIC_NAME_PENDING_REVIEW,PRESENT IN CURRENT OWNER FILE,ON OFFICIAL MENU MV-2026-10-01,DRAFT — READY FOR MENU IA,NONE,,,,UNKNOWN,UNKNOWN,ONE SIZE ONLY (D-118),false (D-119),DESCRIPTION MISSING,MISSING,,,2026-10-01,2026-10-01
PRD-00028,FROZEN,CAT-001,OWNER-OFFICIAL-MENU-2026-10-01.xlsx,dfde223f219443454872e81ae64a1e8d4c55e486fe52a29f87ca1682979c8d97,Sheet1,30,28,Sheet1!R30 (#28),MV-2026-10-01,HOT DRINKS,VANILIA FREE LATTE,فانيلا لاتيه (بدون سكر),2.75,VANILLA LATTE (SUGAR-FREE),APPROVED — CORRECTED,G1 G4 D-126,,SOURCE-PROVIDED — PENDING OWNER REVIEW (D-091),,,VANILLA LATTE (SUGAR-FREE),ALL_CAPS (D-131),,2750,JOD,true,2026-10-01,,APPROVED — v1.0,ARABIC_NAME_PENDING_REVIEW,ARABIC_NAME_PENDING_REVIEW,PRESENT IN CURRENT OWNER FILE,ON OFFICIAL MENU MV-2026-10-01,DRAFT — READY FOR MENU IA,NONE,,,,UNKNOWN,UNKNOWN,ONE SIZE ONLY (D-118),false (D-119),DESCRIPTION MISSING,MISSING,,,2026-10-01,2026-10-01
PRD-00029,FROZEN,CAT-001,OWNER-OFFICIAL-MENU-2026-10-01.xlsx,dfde223f219443454872e81ae64a1e8d4c55e486fe52a29f87ca1682979c8d97,Sheet1,31,29,Sheet1!R31 (#29),MV-2026-10-01,HOT DRINKS,HAZELNUT FREE LATTE,هازلنت لاتيه (بدون سكر),2.75,HAZELNUT LATTE (SUGAR-FREE),APPROVED — CORRECTED,G4 D-126,,SOURCE-PROVIDED — PENDING OWNER REVIEW (D-091),,,HAZELNUT LATTE (SUGAR-FREE),ALL_CAPS (D-131),,2750,JOD,true,2026-10-01,,APPROVED — v1.0,ARABIC_NAME_PENDING_REVIEW,ARABIC_NAME_PENDING_REVIEW,PRESENT IN CURRENT OWNER FILE,ON OFFICIAL MENU MV-2026-10-01,DRAFT — READY FOR MENU IA,NONE,,,,UNKNOWN,UNKNOWN,ONE SIZE ONLY (D-118),false (D-119),DESCRIPTION MISSING,MISSING,,,2026-10-01,2026-10-01
PRD-00030,FROZEN,CAT-001,OWNER-OFFICIAL-MENU-2026-10-01.xlsx,dfde223f219443454872e81ae64a1e8d4c55e486fe52a29f87ca1682979c8d97,Sheet1,32,30,Sheet1!R32 (#30),MV-2026-10-01,HOT DRINKS,MOCHA,موكا,3.00,MOCHA,APPROVED — OFFICIAL SOURCE AS IS (D-089),,,SOURCE-PROVIDED — PENDING OWNER REVIEW (D-091),,,MOCHA,ALL_CAPS (D-131),,3000,JOD,true,2026-10-01,,APPROVED — v1.0,ARABIC_NAME_PENDING_REVIEW,ARABIC_NAME_PENDING_REVIEW,PRESENT IN CURRENT OWNER FILE,ON OFFICIAL MENU MV-2026-10-01,DRAFT — READY FOR MENU IA,NONE,,,,UNKNOWN,UNKNOWN,ONE SIZE ONLY (D-118),false (D-119),DESCRIPTION MISSING,MISSING,,,2026-10-01,2026-10-01
PRD-00031,FROZEN,CAT-001,OWNER-OFFICIAL-MENU-2026-10-01.xlsx,dfde223f219443454872e81ae64a1e8d4c55e486fe52a29f87ca1682979c8d97,Sheet1,33,31,Sheet1!R33 (#31),MV-2026-10-01,HOT DRINKS,WHITE MOCHA,وايت موكا,3.00,WHITE MOCHA,APPROVED — OFFICIAL SOURCE AS IS (D-089),,,SOURCE-PROVIDED — PENDING OWNER REVIEW (D-091),,,WHITE MOCHA,ALL_CAPS (D-131),,3000,JOD,true,2026-10-01,,APPROVED — v1.0,ARABIC_NAME_PENDING_REVIEW,ARABIC_NAME_PENDING_REVIEW,PRESENT IN CURRENT OWNER FILE,ON OFFICIAL MENU MV-2026-10-01,DRAFT — READY FOR MENU IA,NONE,,,,UNKNOWN,UNKNOWN,ONE SIZE ONLY (D-118),false (D-119),DESCRIPTION MISSING,MISSING,,,2026-10-01,2026-10-01
PRD-00032,FROZEN,CAT-001,OWNER-OFFICIAL-MENU-2026-10-01.xlsx,dfde223f219443454872e81ae64a1e8d4c55e486fe52a29f87ca1682979c8d97,Sheet1,34,32,Sheet1!R34 (#32),MV-2026-10-01,HOT DRINKS,AFFOGATO COFFEE,أفوغاتو,2.50,AFFOGATO,APPROVED — CORRECTED,G5 D-126,,SOURCE-PROVIDED — PENDING OWNER REVIEW (D-091),,,AFFOGATO,ALL_CAPS (D-131),,2500,JOD,true,2026-10-01,,APPROVED — v1.0,ARABIC_NAME_PENDING_REVIEW,ARABIC_NAME_PENDING_REVIEW,PRESENT IN CURRENT OWNER FILE,ON OFFICIAL MENU MV-2026-10-01,DRAFT — READY FOR MENU IA,NONE,,,,UNKNOWN,UNKNOWN,ONE SIZE ONLY (D-118),false (D-119),DESCRIPTION MISSING,MISSING,,,2026-10-01,2026-10-01
PRD-00033,FROZEN,CAT-001,OWNER-OFFICIAL-MENU-2026-10-01.xlsx,dfde223f219443454872e81ae64a1e8d4c55e486fe52a29f87ca1682979c8d97,Sheet1,35,33,Sheet1!R35 (#33),MV-2026-10-01,HOT DRINKS,IRISH COFFEE,آيريش كوفي,2.75,IRISH COFFEE,APPROVED — OFFICIAL SOURCE AS IS (D-089),,,SOURCE-PROVIDED — PENDING OWNER REVIEW (D-091),,,IRISH COFFEE,ALL_CAPS (D-131),,2750,JOD,true,2026-10-01,,APPROVED — v1.0,ARABIC_NAME_PENDING_REVIEW,ARABIC_NAME_PENDING_REVIEW,PRESENT IN CURRENT OWNER FILE,ON OFFICIAL MENU MV-2026-10-01,DRAFT — READY FOR MENU IA,NONE,,,,UNKNOWN,UNKNOWN,ONE SIZE ONLY (D-118),false (D-119),DESCRIPTION MISSING,MISSING,,,2026-10-01,2026-10-01
PRD-00034,FROZEN,CAT-001,OWNER-OFFICIAL-MENU-2026-10-01.xlsx,dfde223f219443454872e81ae64a1e8d4c55e486fe52a29f87ca1682979c8d97,Sheet1,36,34,Sheet1!R36 (#34),MV-2026-10-01,HOT DRINKS,NESCAFE,نسكافيه,1.50,NESCAFE,APPROVED — OFFICIAL SOURCE AS IS (D-089),,,SOURCE-PROVIDED — PENDING OWNER REVIEW (D-091),,,NESCAFE,ALL_CAPS (D-131),,1500,JOD,true,2026-10-01,,APPROVED — v1.0,ARABIC_NAME_PENDING_REVIEW,ARABIC_NAME_PENDING_REVIEW,PRESENT IN CURRENT OWNER FILE,ON OFFICIAL MENU MV-2026-10-01,DRAFT — READY FOR MENU IA,NONE,,,,UNKNOWN,UNKNOWN,ONE SIZE ONLY (D-118),false (D-119),DESCRIPTION MISSING,MISSING,,,2026-10-01,2026-10-01
PRD-00035,FROZEN,CAT-001,OWNER-OFFICIAL-MENU-2026-10-01.xlsx,dfde223f219443454872e81ae64a1e8d4c55e486fe52a29f87ca1682979c8d97,Sheet1,37,35,Sheet1!R37 (#35),MV-2026-10-01,HOT DRINKS,MESTEKH,مستكة,2.50,MESTEKH,APPROVED — OFFICIAL SOURCE AS IS (D-089),,,SOURCE-PROVIDED — PENDING OWNER REVIEW (D-091),,,MESTEKH,ALL_CAPS (D-131),,2500,JOD,true,2026-10-01,,APPROVED — v1.0,NAME_MEANING_OWNER_VERIFICATION,NAME_MEANING_OWNER_VERIFICATION (MQ-12) · ARABIC_NAME_PENDING_REVIEW,PRESENT IN CURRENT OWNER FILE,ON OFFICIAL MENU MV-2026-10-01,DRAFT — READY FOR MENU IA,NONE,,,,UNKNOWN,UNKNOWN,ONE SIZE ONLY (D-118),false (D-119),DESCRIPTION MISSING,MISSING,,,2026-10-01,2026-10-01
PRD-00036,FROZEN,CAT-001,OWNER-OFFICIAL-MENU-2026-10-01.xlsx,dfde223f219443454872e81ae64a1e8d4c55e486fe52a29f87ca1682979c8d97,Sheet1,38,36,Sheet1!R38 (#36),MV-2026-10-01,HOT DRINKS,HOT CHOCOLATE,هوت شوكليت,2.00,HOT CHOCOLATE,APPROVED — OFFICIAL SOURCE AS IS (D-089),,,SOURCE-PROVIDED — PENDING OWNER REVIEW (D-091),,,HOT CHOCOLATE,ALL_CAPS (D-131),,2000,JOD,true,2026-10-01,,APPROVED — v1.0,ARABIC_NAME_PENDING_REVIEW,ARABIC_NAME_PENDING_REVIEW,PRESENT IN CURRENT OWNER FILE,ON OFFICIAL MENU MV-2026-10-01,DRAFT — READY FOR MENU IA,NONE,,,,UNKNOWN,UNKNOWN,ONE SIZE ONLY (D-118),false (D-119),DESCRIPTION MISSING,MISSING,,,2026-10-01,2026-10-01
PRD-00037,FROZEN,CAT-001,OWNER-OFFICIAL-MENU-2026-10-01.xlsx,dfde223f219443454872e81ae64a1e8d4c55e486fe52a29f87ca1682979c8d97,Sheet1,39,37,Sheet1!R39 (#37),MV-2026-10-01,HOT DRINKS,HOT LOTUS,هوت لوتس,3.50,HOT LOTUS,APPROVED — OFFICIAL SOURCE AS IS (D-089),,,SOURCE-PROVIDED — PENDING OWNER REVIEW (D-091),,,HOT LOTUS,ALL_CAPS (D-131),,3500,JOD,true,2026-10-01,,APPROVED — v1.0,ARABIC_NAME_PENDING_REVIEW,ARABIC_NAME_PENDING_REVIEW,PRESENT IN CURRENT OWNER FILE,ON OFFICIAL MENU MV-2026-10-01,DRAFT — READY FOR MENU IA,NONE,,,,UNKNOWN,UNKNOWN,ONE SIZE ONLY (D-118),false (D-119),DESCRIPTION MISSING,MISSING,,,2026-10-01,2026-10-01
PRD-00038,FROZEN,CAT-001,OWNER-OFFICIAL-MENU-2026-10-01.xlsx,dfde223f219443454872e81ae64a1e8d4c55e486fe52a29f87ca1682979c8d97,Sheet1,40,38,Sheet1!R40 (#38),MV-2026-10-01,HOT DRINKS,HOT PISTACHIO,هوت فستق,3.50,HOT PISTACHIO,APPROVED — OFFICIAL SOURCE AS IS (D-089),,,SOURCE-PROVIDED — PENDING OWNER REVIEW (D-091),,,HOT PISTACHIO,ALL_CAPS (D-131),,3500,JOD,true,2026-10-01,,APPROVED — v1.0,ARABIC_NAME_PENDING_REVIEW,ARABIC_NAME_PENDING_REVIEW,PRESENT IN CURRENT OWNER FILE,ON OFFICIAL MENU MV-2026-10-01,DRAFT — READY FOR MENU IA,NONE,,,,UNKNOWN,UNKNOWN,ONE SIZE ONLY (D-118),false (D-119),DESCRIPTION MISSING,MISSING,,,2026-10-01,2026-10-01
PRD-00039,FROZEN,CAT-001,OWNER-OFFICIAL-MENU-2026-10-01.xlsx,dfde223f219443454872e81ae64a1e8d4c55e486fe52a29f87ca1682979c8d97,Sheet1,41,39,Sheet1!R41 (#39),MV-2026-10-01,HOT DRINKS,HOT NUTELLA,هوت نوتيلا,3.50,HOT NUTELLA,APPROVED — OFFICIAL SOURCE AS IS (D-089),,,SOURCE-PROVIDED — PENDING OWNER REVIEW (D-091),,,HOT NUTELLA,ALL_CAPS (D-131),,3500,JOD,true,2026-10-01,,APPROVED — v1.0,ARABIC_NAME_PENDING_REVIEW,ARABIC_NAME_PENDING_REVIEW,PRESENT IN CURRENT OWNER FILE,ON OFFICIAL MENU MV-2026-10-01,DRAFT — READY FOR MENU IA,NONE,,,,UNKNOWN,UNKNOWN,ONE SIZE ONLY (D-118),false (D-119),DESCRIPTION MISSING,MISSING,,,2026-10-01,2026-10-01
PRD-00040,FROZEN,CAT-002,OWNER-OFFICIAL-MENU-2026-10-01.xlsx,dfde223f219443454872e81ae64a1e8d4c55e486fe52a29f87ca1682979c8d97,Sheet1,43,40,Sheet1!R43 (#40),MV-2026-10-01,COLD DRINKS,ICED AMERICAN,آيس أمريكان,2.75,ICED AMERICAN,APPROVED — OFFICIAL SOURCE AS IS (D-089),,,SOURCE-PROVIDED — PENDING OWNER REVIEW (D-091),,,ICED AMERICAN,ALL_CAPS (D-131),,2750,JOD,true,2026-10-01,,APPROVED — v1.0,ARABIC_NAME_PENDING_REVIEW,ARABIC_NAME_PENDING_REVIEW,PRESENT IN CURRENT OWNER FILE,ON OFFICIAL MENU MV-2026-10-01,DRAFT — READY FOR MENU IA,NONE,,,,UNKNOWN,UNKNOWN,ONE SIZE ONLY (D-118),false (D-119),DESCRIPTION MISSING,MISSING,,,2026-10-01,2026-10-01
PRD-00041,FROZEN,CAT-002,OWNER-OFFICIAL-MENU-2026-10-01.xlsx,dfde223f219443454872e81ae64a1e8d4c55e486fe52a29f87ca1682979c8d97,Sheet1,44,41,Sheet1!R44 (#41),MV-2026-10-01,COLD DRINKS,ICED CAPPUCCINO,آيس كابتشينو,3.50,ICED CAPPUCCINO,APPROVED — OFFICIAL SOURCE AS IS (D-089),,,SOURCE-PROVIDED — PENDING OWNER REVIEW (D-091),,,ICED CAPPUCCINO,ALL_CAPS (D-131),,3500,JOD,true,2026-10-01,,APPROVED — v1.0,ARABIC_NAME_PENDING_REVIEW,ARABIC_NAME_PENDING_REVIEW,PRESENT IN CURRENT OWNER FILE,ON OFFICIAL MENU MV-2026-10-01,DRAFT — READY FOR MENU IA,NONE,,,,UNKNOWN,UNKNOWN,ONE SIZE ONLY (D-118),false (D-119),DESCRIPTION MISSING,MISSING,,,2026-10-01,2026-10-01
PRD-00042,FROZEN,CAT-002,OWNER-OFFICIAL-MENU-2026-10-01.xlsx,dfde223f219443454872e81ae64a1e8d4c55e486fe52a29f87ca1682979c8d97,Sheet1,45,42,Sheet1!R45 (#42),MV-2026-10-01,COLD DRINKS,ICED SHAKEN CARAMEL,آيس شيكن كراميل,3.50,ICED SHAKEN CARAMEL,APPROVED — OFFICIAL SOURCE AS IS (D-089),,,SOURCE-PROVIDED — PENDING OWNER REVIEW (D-091),,,ICED SHAKEN CARAMEL,ALL_CAPS (D-131),,3500,JOD,true,2026-10-01,,APPROVED — v1.0,ARABIC_NAME_PENDING_REVIEW,ARABIC_NAME_PENDING_REVIEW,PRESENT IN CURRENT OWNER FILE,ON OFFICIAL MENU MV-2026-10-01,DRAFT — READY FOR MENU IA,NONE,,,,UNKNOWN,UNKNOWN,ONE SIZE ONLY (D-118),false (D-119),DESCRIPTION MISSING,MISSING,,,2026-10-01,2026-10-01
PRD-00043,FROZEN,CAT-002,OWNER-OFFICIAL-MENU-2026-10-01.xlsx,dfde223f219443454872e81ae64a1e8d4c55e486fe52a29f87ca1682979c8d97,Sheet1,46,43,Sheet1!R46 (#43),MV-2026-10-01,COLD DRINKS,ICED CARAMEL LATTE,آيس كراميل لاتيه,3.50,ICED CARAMEL LATTE,APPROVED — OFFICIAL SOURCE AS IS (D-089),,,SOURCE-PROVIDED — PENDING OWNER REVIEW (D-091),,,ICED CARAMEL LATTE,ALL_CAPS (D-131),,3500,JOD,true,2026-10-01,,APPROVED — v1.0,ARABIC_NAME_PENDING_REVIEW,ARABIC_NAME_PENDING_REVIEW,PRESENT IN CURRENT OWNER FILE,ON OFFICIAL MENU MV-2026-10-01,DRAFT — READY FOR MENU IA,NONE,,,,UNKNOWN,UNKNOWN,ONE SIZE ONLY (D-118),false (D-119),DESCRIPTION MISSING,MISSING,,,2026-10-01,2026-10-01
PRD-00044,FROZEN,CAT-002,OWNER-OFFICIAL-MENU-2026-10-01.xlsx,dfde223f219443454872e81ae64a1e8d4c55e486fe52a29f87ca1682979c8d97,Sheet1,47,44,Sheet1!R47 (#44),MV-2026-10-01,COLD DRINKS,ICED CARAMEL FREE LATTE,آيس كراميل لاتيه بدون سكر,3.50,ICED CARAMEL LATTE (SUGAR-FREE),APPROVED — CORRECTED,G4 D-126,آيس كراميل لاتيه (بدون سكر),APPROVED — CORRECTED,G7 D-128,,ICED CARAMEL LATTE (SUGAR-FREE),ALL_CAPS (D-131),آيس كراميل لاتيه (بدون سكر),3500,JOD,true,2026-10-01,,APPROVED — v1.0,CLEAN,,PRESENT IN CURRENT OWNER FILE,ON OFFICIAL MENU MV-2026-10-01,DRAFT — READY FOR MENU IA,NONE,,,,UNKNOWN,UNKNOWN,ONE SIZE ONLY (D-118),false (D-119),DESCRIPTION MISSING,MISSING,,,2026-10-01,2026-10-01
PRD-00045,FROZEN,CAT-002,OWNER-OFFICIAL-MENU-2026-10-01.xlsx,dfde223f219443454872e81ae64a1e8d4c55e486fe52a29f87ca1682979c8d97,Sheet1,48,45,Sheet1!R48 (#45),MV-2026-10-01,COLD DRINKS,ICED AMERICANO,آيس أمريكانو,2.75,ICED AMERICANO,APPROVED — OFFICIAL SOURCE AS IS (D-089),,,SOURCE-PROVIDED — PENDING OWNER REVIEW (D-091),,,ICED AMERICANO,ALL_CAPS (D-131),,2750,JOD,true,2026-10-01,,APPROVED — v1.0,ARABIC_NAME_PENDING_REVIEW,ARABIC_NAME_PENDING_REVIEW,PRESENT IN CURRENT OWNER FILE,ON OFFICIAL MENU MV-2026-10-01,DRAFT — READY FOR MENU IA,NONE,,,,UNKNOWN,UNKNOWN,ONE SIZE ONLY (D-118),false (D-119),DESCRIPTION MISSING,MISSING,,,2026-10-01,2026-10-01
PRD-00046,FROZEN,CAT-002,OWNER-OFFICIAL-MENU-2026-10-01.xlsx,dfde223f219443454872e81ae64a1e8d4c55e486fe52a29f87ca1682979c8d97,Sheet1,49,46,Sheet1!R49 (#46),MV-2026-10-01,COLD DRINKS,ICED LATTE,آيس لاتيه,3.00,ICED LATTE,APPROVED — OFFICIAL SOURCE AS IS (D-089),,,SOURCE-PROVIDED — PENDING OWNER REVIEW (D-091),,,ICED LATTE,ALL_CAPS (D-131),,3000,JOD,true,2026-10-01,,APPROVED — v1.0,ARABIC_NAME_PENDING_REVIEW,ARABIC_NAME_PENDING_REVIEW,PRESENT IN CURRENT OWNER FILE,ON OFFICIAL MENU MV-2026-10-01,DRAFT — READY FOR MENU IA,NONE,,,,UNKNOWN,UNKNOWN,ONE SIZE ONLY (D-118),false (D-119),DESCRIPTION MISSING,MISSING,,,2026-10-01,2026-10-01
PRD-00047,FROZEN,CAT-002,OWNER-OFFICIAL-MENU-2026-10-01.xlsx,dfde223f219443454872e81ae64a1e8d4c55e486fe52a29f87ca1682979c8d97,Sheet1,50,47,Sheet1!R50 (#47),MV-2026-10-01,COLD DRINKS,ICED SHAKEN WHITE MOCHA,آيس شيكن وايت موكا,3.50,ICED SHAKEN WHITE MOCHA,APPROVED — OFFICIAL SOURCE AS IS (D-089),,,SOURCE-PROVIDED — PENDING OWNER REVIEW (D-091),,,ICED SHAKEN WHITE MOCHA,ALL_CAPS (D-131),,3500,JOD,true,2026-10-01,,APPROVED — v1.0,ARABIC_NAME_PENDING_REVIEW,ARABIC_NAME_PENDING_REVIEW,PRESENT IN CURRENT OWNER FILE,ON OFFICIAL MENU MV-2026-10-01,DRAFT — READY FOR MENU IA,NONE,,,,UNKNOWN,UNKNOWN,ONE SIZE ONLY (D-118),false (D-119),DESCRIPTION MISSING,MISSING,,,2026-10-01,2026-10-01
PRD-00048,FROZEN,CAT-002,OWNER-OFFICIAL-MENU-2026-10-01.xlsx,dfde223f219443454872e81ae64a1e8d4c55e486fe52a29f87ca1682979c8d97,Sheet1,51,48,Sheet1!R51 (#48),MV-2026-10-01,COLD DRINKS,ICED VANILLA LATTE,آيس فانيلا لاتيه,3.50,ICED VANILLA LATTE,APPROVED — OFFICIAL SOURCE AS IS (D-089),,,SOURCE-PROVIDED — PENDING OWNER REVIEW (D-091),,,ICED VANILLA LATTE,ALL_CAPS (D-131),,3500,JOD,true,2026-10-01,,APPROVED — v1.0,ARABIC_NAME_PENDING_REVIEW,ARABIC_NAME_PENDING_REVIEW,PRESENT IN CURRENT OWNER FILE,ON OFFICIAL MENU MV-2026-10-01,DRAFT — READY FOR MENU IA,NONE,,,,UNKNOWN,UNKNOWN,ONE SIZE ONLY (D-118),false (D-119),DESCRIPTION MISSING,MISSING,,,2026-10-01,2026-10-01
PRD-00049,FROZEN,CAT-002,OWNER-OFFICIAL-MENU-2026-10-01.xlsx,dfde223f219443454872e81ae64a1e8d4c55e486fe52a29f87ca1682979c8d97,Sheet1,52,49,Sheet1!R52 (#49),MV-2026-10-01,COLD DRINKS,ICED VANILLA FREE LATTE,آيس فانيلا لاتيه بدون سكر,3.50,ICED VANILLA LATTE (SUGAR-FREE),APPROVED — CORRECTED,G4 D-126,آيس فانيلا لاتيه (بدون سكر),APPROVED — CORRECTED,G7 D-128,,ICED VANILLA LATTE (SUGAR-FREE),ALL_CAPS (D-131),آيس فانيلا لاتيه (بدون سكر),3500,JOD,true,2026-10-01,,APPROVED — v1.0,CLEAN,,PRESENT IN CURRENT OWNER FILE,ON OFFICIAL MENU MV-2026-10-01,DRAFT — READY FOR MENU IA,NONE,,,,UNKNOWN,UNKNOWN,ONE SIZE ONLY (D-118),false (D-119),DESCRIPTION MISSING,MISSING,,,2026-10-01,2026-10-01
PRD-00050,FROZEN,CAT-002,OWNER-OFFICIAL-MENU-2026-10-01.xlsx,dfde223f219443454872e81ae64a1e8d4c55e486fe52a29f87ca1682979c8d97,Sheet1,53,50,Sheet1!R53 (#50),MV-2026-10-01,COLD DRINKS,ICED MATCHA,آيس ماتشا,4.25,ICED MATCHA,APPROVED — OFFICIAL SOURCE AS IS (D-089),,,SOURCE-PROVIDED — PENDING OWNER REVIEW (D-091),,,ICED MATCHA,ALL_CAPS (D-131),,4250,JOD,true,2026-10-01,,APPROVED — v1.0,ARABIC_NAME_PENDING_REVIEW,ARABIC_NAME_PENDING_REVIEW,PRESENT IN CURRENT OWNER FILE,ON OFFICIAL MENU MV-2026-10-01,DRAFT — READY FOR MENU IA,NONE,,,,UNKNOWN,UNKNOWN,ONE SIZE ONLY (D-118),false (D-119),DESCRIPTION MISSING,MISSING,,,2026-10-01,2026-10-01
PRD-00051,FROZEN,CAT-002,OWNER-OFFICIAL-MENU-2026-10-01.xlsx,dfde223f219443454872e81ae64a1e8d4c55e486fe52a29f87ca1682979c8d97,Sheet1,54,51,Sheet1!R54 (#51),MV-2026-10-01,COLD DRINKS,ICED NUTELLA,آيس نوتيلا,3.75,ICED NUTELLA,APPROVED — OFFICIAL SOURCE AS IS (D-089),,,SOURCE-PROVIDED — PENDING OWNER REVIEW (D-091),,,ICED NUTELLA,ALL_CAPS (D-131),,3750,JOD,true,2026-10-01,,APPROVED — v1.0,ARABIC_NAME_PENDING_REVIEW,ARABIC_NAME_PENDING_REVIEW,PRESENT IN CURRENT OWNER FILE,ON OFFICIAL MENU MV-2026-10-01,DRAFT — READY FOR MENU IA,NONE,,,,UNKNOWN,UNKNOWN,ONE SIZE ONLY (D-118),false (D-119),DESCRIPTION MISSING,MISSING,,,2026-10-01,2026-10-01
PRD-00052,FROZEN,CAT-002,OWNER-OFFICIAL-MENU-2026-10-01.xlsx,dfde223f219443454872e81ae64a1e8d4c55e486fe52a29f87ca1682979c8d97,Sheet1,55,52,Sheet1!R55 (#52),MV-2026-10-01,COLD DRINKS,ICED SHAKEN VANILLA,آيس شيكن فانيلا,3.50,ICED SHAKEN VANILLA,APPROVED — OFFICIAL SOURCE AS IS (D-089),,,SOURCE-PROVIDED — PENDING OWNER REVIEW (D-091),,,ICED SHAKEN VANILLA,ALL_CAPS (D-131),,3500,JOD,true,2026-10-01,,APPROVED — v1.0,ARABIC_NAME_PENDING_REVIEW,ARABIC_NAME_PENDING_REVIEW,PRESENT IN CURRENT OWNER FILE,ON OFFICIAL MENU MV-2026-10-01,DRAFT — READY FOR MENU IA,NONE,,,,UNKNOWN,UNKNOWN,ONE SIZE ONLY (D-118),false (D-119),DESCRIPTION MISSING,MISSING,,,2026-10-01,2026-10-01
PRD-00053,FROZEN,CAT-002,OWNER-OFFICIAL-MENU-2026-10-01.xlsx,dfde223f219443454872e81ae64a1e8d4c55e486fe52a29f87ca1682979c8d97,Sheet1,56,53,Sheet1!R56 (#53),MV-2026-10-01,COLD DRINKS,ICED HAZELNUT LATTE,آيس هازلنت لاتيه,3.50,ICED HAZELNUT LATTE,APPROVED — OFFICIAL SOURCE AS IS (D-089),,,SOURCE-PROVIDED — PENDING OWNER REVIEW (D-091),,,ICED HAZELNUT LATTE,ALL_CAPS (D-131),,3500,JOD,true,2026-10-01,,APPROVED — v1.0,ARABIC_NAME_PENDING_REVIEW,ARABIC_NAME_PENDING_REVIEW,PRESENT IN CURRENT OWNER FILE,ON OFFICIAL MENU MV-2026-10-01,DRAFT — READY FOR MENU IA,NONE,,,,UNKNOWN,UNKNOWN,ONE SIZE ONLY (D-118),false (D-119),DESCRIPTION MISSING,MISSING,,,2026-10-01,2026-10-01
PRD-00054,FROZEN,CAT-002,OWNER-OFFICIAL-MENU-2026-10-01.xlsx,dfde223f219443454872e81ae64a1e8d4c55e486fe52a29f87ca1682979c8d97,Sheet1,57,54,Sheet1!R57 (#54),MV-2026-10-01,COLD DRINKS,ICED HAZELNUT FREE LATTE,آيس هازلنت لاتيه بدون سكر,3.50,ICED HAZELNUT LATTE (SUGAR-FREE),APPROVED — CORRECTED,G4 D-126,آيس هازلنت لاتيه (بدون سكر),APPROVED — CORRECTED,G7 D-128,,ICED HAZELNUT LATTE (SUGAR-FREE),ALL_CAPS (D-131),آيس هازلنت لاتيه (بدون سكر),3500,JOD,true,2026-10-01,,APPROVED — v1.0,CLEAN,,PRESENT IN CURRENT OWNER FILE,ON OFFICIAL MENU MV-2026-10-01,DRAFT — READY FOR MENU IA,NONE,,,,UNKNOWN,UNKNOWN,ONE SIZE ONLY (D-118),false (D-119),DESCRIPTION MISSING,MISSING,,,2026-10-01,2026-10-01
PRD-00055,FROZEN,CAT-002,OWNER-OFFICIAL-MENU-2026-10-01.xlsx,dfde223f219443454872e81ae64a1e8d4c55e486fe52a29f87ca1682979c8d97,Sheet1,58,55,Sheet1!R58 (#55),MV-2026-10-01,COLD DRINKS,ICED PISTACHIO,آيس فستق,3.75,ICED PISTACHIO,APPROVED — OFFICIAL SOURCE AS IS (D-089),,,SOURCE-PROVIDED — PENDING OWNER REVIEW (D-091),,,ICED PISTACHIO,ALL_CAPS (D-131),,3750,JOD,true,2026-10-01,,APPROVED — v1.0,ARABIC_NAME_PENDING_REVIEW,ARABIC_NAME_PENDING_REVIEW,PRESENT IN CURRENT OWNER FILE,ON OFFICIAL MENU MV-2026-10-01,DRAFT — READY FOR MENU IA,NONE,,,,UNKNOWN,UNKNOWN,ONE SIZE ONLY (D-118),false (D-119),DESCRIPTION MISSING,MISSING,,,2026-10-01,2026-10-01
PRD-00056,FROZEN,CAT-002,OWNER-OFFICIAL-MENU-2026-10-01.xlsx,dfde223f219443454872e81ae64a1e8d4c55e486fe52a29f87ca1682979c8d97,Sheet1,59,56,Sheet1!R59 (#56),MV-2026-10-01,COLD DRINKS,ICED LOTUS,آيس لوتس,3.75,ICED LOTUS,APPROVED — OFFICIAL SOURCE AS IS (D-089),,,SOURCE-PROVIDED — PENDING OWNER REVIEW (D-091),,,ICED LOTUS,ALL_CAPS (D-131),,3750,JOD,true,2026-10-01,,APPROVED — v1.0,ARABIC_NAME_PENDING_REVIEW,ARABIC_NAME_PENDING_REVIEW,PRESENT IN CURRENT OWNER FILE,ON OFFICIAL MENU MV-2026-10-01,DRAFT — READY FOR MENU IA,NONE,,,,UNKNOWN,UNKNOWN,ONE SIZE ONLY (D-118),false (D-119),DESCRIPTION MISSING,MISSING,,,2026-10-01,2026-10-01
PRD-00057,FROZEN,CAT-002,OWNER-OFFICIAL-MENU-2026-10-01.xlsx,dfde223f219443454872e81ae64a1e8d4c55e486fe52a29f87ca1682979c8d97,Sheet1,60,57,Sheet1!R60 (#57),MV-2026-10-01,COLD DRINKS,ICED SHAKEN HAZELNUT,آيس شيكن هازلنت,3.50,ICED SHAKEN HAZELNUT,APPROVED — OFFICIAL SOURCE AS IS (D-089),,,SOURCE-PROVIDED — PENDING OWNER REVIEW (D-091),,,ICED SHAKEN HAZELNUT,ALL_CAPS (D-131),,3500,JOD,true,2026-10-01,,APPROVED — v1.0,ARABIC_NAME_PENDING_REVIEW,ARABIC_NAME_PENDING_REVIEW,PRESENT IN CURRENT OWNER FILE,ON OFFICIAL MENU MV-2026-10-01,DRAFT — READY FOR MENU IA,NONE,,,,UNKNOWN,UNKNOWN,ONE SIZE ONLY (D-118),false (D-119),DESCRIPTION MISSING,MISSING,,,2026-10-01,2026-10-01
PRD-00058,FROZEN,CAT-002,OWNER-OFFICIAL-MENU-2026-10-01.xlsx,dfde223f219443454872e81ae64a1e8d4c55e486fe52a29f87ca1682979c8d97,Sheet1,61,58,Sheet1!R61 (#58),MV-2026-10-01,COLD DRINKS,ICED SPANISH LATTE,آيس سبانيش لاتيه,3.50,ICED SPANISH LATTE,APPROVED — OFFICIAL SOURCE AS IS (D-089),,,SOURCE-PROVIDED — PENDING OWNER REVIEW (D-091),,,ICED SPANISH LATTE,ALL_CAPS (D-131),,3500,JOD,true,2026-10-01,,APPROVED — v1.0,ARABIC_NAME_PENDING_REVIEW,ARABIC_NAME_PENDING_REVIEW,PRESENT IN CURRENT OWNER FILE,ON OFFICIAL MENU MV-2026-10-01,DRAFT — READY FOR MENU IA,NONE,,,,UNKNOWN,UNKNOWN,ONE SIZE ONLY (D-118),false (D-119),DESCRIPTION MISSING,MISSING,,,2026-10-01,2026-10-01
PRD-00059,FROZEN,CAT-002,OWNER-OFFICIAL-MENU-2026-10-01.xlsx,dfde223f219443454872e81ae64a1e8d4c55e486fe52a29f87ca1682979c8d97,Sheet1,62,59,Sheet1!R62 (#59),MV-2026-10-01,COLD DRINKS,ICED CHOCOLATE,آيس شوكليت,3.50,ICED CHOCOLATE,APPROVED — OFFICIAL SOURCE AS IS (D-089),,,SOURCE-PROVIDED — PENDING OWNER REVIEW (D-091),,,ICED CHOCOLATE,ALL_CAPS (D-131),,3500,JOD,true,2026-10-01,,APPROVED — v1.0,ARABIC_NAME_PENDING_REVIEW,ARABIC_NAME_PENDING_REVIEW,PRESENT IN CURRENT OWNER FILE,ON OFFICIAL MENU MV-2026-10-01,DRAFT — READY FOR MENU IA,NONE,,,,UNKNOWN,UNKNOWN,ONE SIZE ONLY (D-118),false (D-119),DESCRIPTION MISSING,MISSING,,,2026-10-01,2026-10-01
PRD-00060,FROZEN,CAT-002,OWNER-OFFICIAL-MENU-2026-10-01.xlsx,dfde223f219443454872e81ae64a1e8d4c55e486fe52a29f87ca1682979c8d97,Sheet1,63,60,Sheet1!R63 (#60),MV-2026-10-01,COLD DRINKS,ICED CROCCONATE,آيس كروكونات,3.75,ICED CROCCONATE,APPROVED — OFFICIAL SOURCE AS IS (D-089),,,SOURCE-PROVIDED — PENDING OWNER REVIEW (D-091),,,ICED CROCCONATE,ALL_CAPS (D-131),,3750,JOD,true,2026-10-01,,APPROVED — v1.0,NAME_MEANING_OWNER_VERIFICATION,NAME_MEANING_OWNER_VERIFICATION (MQ-12) · ARABIC_NAME_PENDING_REVIEW,PRESENT IN CURRENT OWNER FILE,ON OFFICIAL MENU MV-2026-10-01,DRAFT — READY FOR MENU IA,NONE,,,,UNKNOWN,UNKNOWN,ONE SIZE ONLY (D-118),false (D-119),DESCRIPTION MISSING,MISSING,,,2026-10-01,2026-10-01
PRD-00061,FROZEN,CAT-002,OWNER-OFFICIAL-MENU-2026-10-01.xlsx,dfde223f219443454872e81ae64a1e8d4c55e486fe52a29f87ca1682979c8d97,Sheet1,64,61,Sheet1!R64 (#61),MV-2026-10-01,COLD DRINKS,ICED CARAMEL MACCHIATO,آيس كراميل ماكياتو,3.50,ICED CARAMEL MACCHIATO,APPROVED — OFFICIAL SOURCE AS IS (D-089),,,SOURCE-PROVIDED — PENDING OWNER REVIEW (D-091),,,ICED CARAMEL MACCHIATO,ALL_CAPS (D-131),,3500,JOD,true,2026-10-01,,APPROVED — v1.0,ARABIC_NAME_PENDING_REVIEW,ARABIC_NAME_PENDING_REVIEW,PRESENT IN CURRENT OWNER FILE,ON OFFICIAL MENU MV-2026-10-01,DRAFT — READY FOR MENU IA,NONE,,,,UNKNOWN,UNKNOWN,ONE SIZE ONLY (D-118),false (D-119),DESCRIPTION MISSING,MISSING,,,2026-10-01,2026-10-01
PRD-00062,FROZEN,CAT-002,OWNER-OFFICIAL-MENU-2026-10-01.xlsx,dfde223f219443454872e81ae64a1e8d4c55e486fe52a29f87ca1682979c8d97,Sheet1,65,62,Sheet1!R65 (#62),MV-2026-10-01,COLD DRINKS,ICED WHITE MOCHA,آيس وايت موكا,3.50,ICED WHITE MOCHA,APPROVED — OFFICIAL SOURCE AS IS (D-089),,,SOURCE-PROVIDED — PENDING OWNER REVIEW (D-091),,,ICED WHITE MOCHA,ALL_CAPS (D-131),,3500,JOD,true,2026-10-01,,APPROVED — v1.0,ARABIC_NAME_PENDING_REVIEW,ARABIC_NAME_PENDING_REVIEW,PRESENT IN CURRENT OWNER FILE,ON OFFICIAL MENU MV-2026-10-01,DRAFT — READY FOR MENU IA,NONE,,,,UNKNOWN,UNKNOWN,ONE SIZE ONLY (D-118),false (D-119),DESCRIPTION MISSING,MISSING,,,2026-10-01,2026-10-01
PRD-00063,FROZEN,CAT-002,OWNER-OFFICIAL-MENU-2026-10-01.xlsx,dfde223f219443454872e81ae64a1e8d4c55e486fe52a29f87ca1682979c8d97,Sheet1,66,63,Sheet1!R66 (#63),MV-2026-10-01,COLD DRINKS,ICED MOCHA,آيس موكا,3.50,ICED MOCHA,APPROVED — OFFICIAL SOURCE AS IS (D-089),,,SOURCE-PROVIDED — PENDING OWNER REVIEW (D-091),,,ICED MOCHA,ALL_CAPS (D-131),,3500,JOD,true,2026-10-01,,APPROVED — v1.0,ARABIC_NAME_PENDING_REVIEW,ARABIC_NAME_PENDING_REVIEW,PRESENT IN CURRENT OWNER FILE,ON OFFICIAL MENU MV-2026-10-01,DRAFT — READY FOR MENU IA,NONE,,,,UNKNOWN,UNKNOWN,ONE SIZE ONLY (D-118),false (D-119),DESCRIPTION MISSING,MISSING,,,2026-10-01,2026-10-01
PRD-00064,FROZEN,CAT-002,OWNER-OFFICIAL-MENU-2026-10-01.xlsx,dfde223f219443454872e81ae64a1e8d4c55e486fe52a29f87ca1682979c8d97,Sheet1,67,64,Sheet1!R67 (#64),MV-2026-10-01,COLD DRINKS,ICE IRSH LATTE,آيس آيريش لاتيه,3.50,ICED IRISH LATTE,APPROVED — CORRECTED,G1 D-126,,SOURCE-PROVIDED — PENDING OWNER REVIEW (D-091),,,ICED IRISH LATTE,ALL_CAPS (D-131),,3500,JOD,true,2026-10-01,,APPROVED — v1.0,ARABIC_NAME_PENDING_REVIEW,ARABIC_NAME_PENDING_REVIEW,PRESENT IN CURRENT OWNER FILE,ON OFFICIAL MENU MV-2026-10-01,DRAFT — READY FOR MENU IA,NONE,,,,UNKNOWN,UNKNOWN,ONE SIZE ONLY (D-118),false (D-119),DESCRIPTION MISSING,MISSING,,,2026-10-01,2026-10-01
PRD-00065,FROZEN,CAT-002,OWNER-OFFICIAL-MENU-2026-10-01.xlsx,dfde223f219443454872e81ae64a1e8d4c55e486fe52a29f87ca1682979c8d97,Sheet1,68,65,Sheet1!R68 (#65),MV-2026-10-01,COLD DRINKS,ICED TOFFE NUT LATTE,آيس توفي نت لاتيه,3.50,ICED TOFFEE NUT LATTE,APPROVED — CORRECTED,G1 D-126,,SOURCE-PROVIDED — PENDING OWNER REVIEW (D-091),,,ICED TOFFEE NUT LATTE,ALL_CAPS (D-131),,3500,JOD,true,2026-10-01,,APPROVED — v1.0,ARABIC_NAME_PENDING_REVIEW,ARABIC_NAME_PENDING_REVIEW,PRESENT IN CURRENT OWNER FILE,ON OFFICIAL MENU MV-2026-10-01,DRAFT — READY FOR MENU IA,NONE,,,,UNKNOWN,UNKNOWN,ONE SIZE ONLY (D-118),false (D-119),DESCRIPTION MISSING,MISSING,,,2026-10-01,2026-10-01
PRD-00066,FROZEN,CAT-002,OWNER-OFFICIAL-MENU-2026-10-01.xlsx,dfde223f219443454872e81ae64a1e8d4c55e486fe52a29f87ca1682979c8d97,Sheet1,69,66,Sheet1!R69 (#66),MV-2026-10-01,COLD DRINKS,ICED SALTED CARAMEL LATTE,آيس سولتد كراميل لاتيه,3.50,ICED SALTED CARAMEL LATTE,APPROVED — OFFICIAL SOURCE AS IS (D-089),,,SOURCE-PROVIDED — PENDING OWNER REVIEW (D-091),,,ICED SALTED CARAMEL LATTE,ALL_CAPS (D-131),,3500,JOD,true,2026-10-01,,APPROVED — v1.0,ARABIC_NAME_PENDING_REVIEW,ARABIC_NAME_PENDING_REVIEW,PRESENT IN CURRENT OWNER FILE,ON OFFICIAL MENU MV-2026-10-01,DRAFT — READY FOR MENU IA,NONE,,,,UNKNOWN,UNKNOWN,ONE SIZE ONLY (D-118),false (D-119),DESCRIPTION MISSING,MISSING,,,2026-10-01,2026-10-01
PRD-00067,FROZEN,CAT-002,OWNER-OFFICIAL-MENU-2026-10-01.xlsx,dfde223f219443454872e81ae64a1e8d4c55e486fe52a29f87ca1682979c8d97,Sheet1,70,67,Sheet1!R70 (#67),MV-2026-10-01,COLD DRINKS,ICED SHAKEN SALTED,آيس شيكن سولتد,3.50,ICED SHAKEN SALTED CARAMEL,APPROVED — CORRECTED,D-124,,SOURCE-PROVIDED — PENDING OWNER REVIEW (D-091),,آيس شيكن سولتد كراميل,ICED SHAKEN SALTED CARAMEL,ALL_CAPS (D-131),,3500,JOD,true,2026-10-01,,APPROVED — v1.0,ARABIC_NAME_PENDING_REVIEW,ARABIC_NAME_PENDING_REVIEW,PRESENT IN CURRENT OWNER FILE,ON OFFICIAL MENU MV-2026-10-01,DRAFT — READY FOR MENU IA,NONE,,,,UNKNOWN,UNKNOWN,ONE SIZE ONLY (D-118),false (D-119),DESCRIPTION MISSING,MISSING,,,2026-10-01,2026-10-01
PRD-00068,FROZEN,CAT-002,OWNER-OFFICIAL-MENU-2026-10-01.xlsx,dfde223f219443454872e81ae64a1e8d4c55e486fe52a29f87ca1682979c8d97,Sheet1,71,68,Sheet1!R71 (#68),MV-2026-10-01,COLD DRINKS,ICED CINAMON NUT LATTE,آيس سينامون نت لاتيه,3.50,ICED CINNAMON NUT LATTE,APPROVED — CORRECTED,G1 D-126,,SOURCE-PROVIDED — PENDING OWNER REVIEW (D-091),,,ICED CINNAMON NUT LATTE,ALL_CAPS (D-131),,3500,JOD,true,2026-10-01,,APPROVED — v1.0,ARABIC_NAME_PENDING_REVIEW,ARABIC_NAME_PENDING_REVIEW,PRESENT IN CURRENT OWNER FILE,ON OFFICIAL MENU MV-2026-10-01,DRAFT — READY FOR MENU IA,NONE,,,,UNKNOWN,UNKNOWN,ONE SIZE ONLY (D-118),false (D-119),DESCRIPTION MISSING,MISSING,,,2026-10-01,2026-10-01
PRD-00069,FROZEN,CAT-002,OWNER-OFFICIAL-MENU-2026-10-01.xlsx,dfde223f219443454872e81ae64a1e8d4c55e486fe52a29f87ca1682979c8d97,Sheet1,72,69,Sheet1!R72 (#69),MV-2026-10-01,COLD DRINKS,ICE TEA BERRY,آيس تي بيري,3.00,ICED TEA BERRY,APPROVED — CORRECTED,G1 D-126,,SOURCE-PROVIDED — PENDING OWNER REVIEW (D-091),,,ICED TEA BERRY,ALL_CAPS (D-131),,3000,JOD,true,2026-10-01,,APPROVED — v1.0,ARABIC_NAME_PENDING_REVIEW,ARABIC_NAME_PENDING_REVIEW,PRESENT IN CURRENT OWNER FILE,ON OFFICIAL MENU MV-2026-10-01,DRAFT — READY FOR MENU IA,NONE,,,,UNKNOWN,UNKNOWN,ONE SIZE ONLY (D-118),false (D-119),DESCRIPTION MISSING,MISSING,,,2026-10-01,2026-10-01
PRD-00070,FROZEN,CAT-002,OWNER-OFFICIAL-MENU-2026-10-01.xlsx,dfde223f219443454872e81ae64a1e8d4c55e486fe52a29f87ca1682979c8d97,Sheet1,73,70,Sheet1!R73 (#70),MV-2026-10-01,COLD DRINKS,ICE TEA POMGRANATE,آيس تي رمان,3.00,ICED TEA POMEGRANATE,APPROVED — CORRECTED,G1 D-126,,SOURCE-PROVIDED — PENDING OWNER REVIEW (D-091),,,ICED TEA POMEGRANATE,ALL_CAPS (D-131),,3000,JOD,true,2026-10-01,,APPROVED — v1.0,ARABIC_NAME_PENDING_REVIEW,ARABIC_NAME_PENDING_REVIEW,PRESENT IN CURRENT OWNER FILE,ON OFFICIAL MENU MV-2026-10-01,DRAFT — READY FOR MENU IA,NONE,,,,UNKNOWN,UNKNOWN,ONE SIZE ONLY (D-118),false (D-119),DESCRIPTION MISSING,MISSING,,,2026-10-01,2026-10-01
PRD-00071,FROZEN,CAT-002,OWNER-OFFICIAL-MENU-2026-10-01.xlsx,dfde223f219443454872e81ae64a1e8d4c55e486fe52a29f87ca1682979c8d97,Sheet1,74,71,Sheet1!R74 (#71),MV-2026-10-01,COLD DRINKS,ICE TEA PASSION + PEACH,آيس تي باشن + بيتش,3.25,ICED TEA PASSION + PEACH,APPROVED — CORRECTED,G1 D-126,,SOURCE-PROVIDED — PENDING OWNER REVIEW (D-091),,,ICED TEA PASSION + PEACH,ALL_CAPS (D-131),,3250,JOD,true,2026-10-01,,APPROVED — v1.0,ARABIC_NAME_PENDING_REVIEW,ARABIC_NAME_PENDING_REVIEW,PRESENT IN CURRENT OWNER FILE,ON OFFICIAL MENU MV-2026-10-01,DRAFT — READY FOR MENU IA,NONE,,,,UNKNOWN,UNKNOWN,ONE SIZE ONLY (D-118),false (D-119),DESCRIPTION MISSING,MISSING,,,2026-10-01,2026-10-01
PRD-00072,FROZEN,CAT-002,OWNER-OFFICIAL-MENU-2026-10-01.xlsx,dfde223f219443454872e81ae64a1e8d4c55e486fe52a29f87ca1682979c8d97,Sheet1,75,72,Sheet1!R75 (#72),MV-2026-10-01,COLD DRINKS,ICED TEA PEACH,آيس تي بيتش,3.00,ICED TEA PEACH,APPROVED — OFFICIAL SOURCE AS IS (D-089),,,SOURCE-PROVIDED — PENDING OWNER REVIEW (D-091),,,ICED TEA PEACH,ALL_CAPS (D-131),,3000,JOD,true,2026-10-01,,APPROVED — v1.0,ARABIC_NAME_PENDING_REVIEW,ARABIC_NAME_PENDING_REVIEW,PRESENT IN CURRENT OWNER FILE,ON OFFICIAL MENU MV-2026-10-01,DRAFT — READY FOR MENU IA,NONE,,,,UNKNOWN,UNKNOWN,ONE SIZE ONLY (D-118),false (D-119),DESCRIPTION MISSING,MISSING,,,2026-10-01,2026-10-01
PRD-00073,FROZEN,CAT-002,OWNER-OFFICIAL-MENU-2026-10-01.xlsx,dfde223f219443454872e81ae64a1e8d4c55e486fe52a29f87ca1682979c8d97,Sheet1,76,73,Sheet1!R76 (#73),MV-2026-10-01,COLD DRINKS,ICED TEA LEMON,آيس تي ليمون,3.00,ICED TEA LEMON,APPROVED — OFFICIAL SOURCE AS IS (D-089),,,SOURCE-PROVIDED — PENDING OWNER REVIEW (D-091),,,ICED TEA LEMON,ALL_CAPS (D-131),,3000,JOD,true,2026-10-01,,APPROVED — v1.0,ARABIC_NAME_PENDING_REVIEW,ARABIC_NAME_PENDING_REVIEW,PRESENT IN CURRENT OWNER FILE,ON OFFICIAL MENU MV-2026-10-01,DRAFT — READY FOR MENU IA,NONE,,,,UNKNOWN,UNKNOWN,ONE SIZE ONLY (D-118),false (D-119),DESCRIPTION MISSING,MISSING,,,2026-10-01,2026-10-01
PRD-00074,FROZEN,CAT-002,OWNER-OFFICIAL-MENU-2026-10-01.xlsx,dfde223f219443454872e81ae64a1e8d4c55e486fe52a29f87ca1682979c8d97,Sheet1,77,74,Sheet1!R77 (#74),MV-2026-10-01,COLD DRINKS,ICED TEA MIX,آيس تي مكس,3.25,ICED TEA MIX,APPROVED — OFFICIAL SOURCE AS IS (D-089),,,SOURCE-PROVIDED — PENDING OWNER REVIEW (D-091),,,ICED TEA MIX,ALL_CAPS (D-131),,3250,JOD,true,2026-10-01,,APPROVED — v1.0,ARABIC_NAME_PENDING_REVIEW,ARABIC_NAME_PENDING_REVIEW,PRESENT IN CURRENT OWNER FILE,ON OFFICIAL MENU MV-2026-10-01,DRAFT — READY FOR MENU IA,NONE,,,,UNKNOWN,UNKNOWN,ONE SIZE ONLY (D-118),false (D-119),DESCRIPTION MISSING,MISSING,,,2026-10-01,2026-10-01
PRD-00075,FROZEN,CAT-002,OWNER-OFFICIAL-MENU-2026-10-01.xlsx,dfde223f219443454872e81ae64a1e8d4c55e486fe52a29f87ca1682979c8d97,Sheet1,78,75,Sheet1!R78 (#75),MV-2026-10-01,COLD DRINKS,KIDS STRAWBERRY,كيدز فراولة,3.50,KIDS STRAWBERRY,APPROVED — OFFICIAL SOURCE AS IS (D-089),,,SOURCE-PROVIDED — PENDING OWNER REVIEW (D-091),,,KIDS STRAWBERRY,ALL_CAPS (D-131),,3500,JOD,true,2026-10-01,,APPROVED — v1.0,ARABIC_NAME_PENDING_REVIEW,ARABIC_NAME_PENDING_REVIEW,PRESENT IN CURRENT OWNER FILE,ON OFFICIAL MENU MV-2026-10-01,DRAFT — READY FOR MENU IA,NONE,,,,UNKNOWN,UNKNOWN,ONE SIZE ONLY (D-118),false (D-119),DESCRIPTION MISSING,MISSING,,,2026-10-01,2026-10-01
PRD-00076,FROZEN,CAT-003,OWNER-OFFICIAL-MENU-2026-10-01.xlsx,dfde223f219443454872e81ae64a1e8d4c55e486fe52a29f87ca1682979c8d97,Sheet1,80,76,Sheet1!R80 (#76),MV-2026-10-01,FIZZY DRINKS,MOJITO 7 UP,موهيتو سفن أب,3.25,MOJITO 7UP,APPROVED — CORRECTED,G5 D-126,,SOURCE-PROVIDED — PENDING OWNER REVIEW (D-091),,,MOJITO 7UP,ALL_CAPS (D-131),,3250,JOD,true,2026-10-01,,APPROVED — v1.0,ARABIC_NAME_PENDING_REVIEW,ARABIC_NAME_PENDING_REVIEW,PRESENT IN CURRENT OWNER FILE,ON OFFICIAL MENU MV-2026-10-01,DRAFT — READY FOR MENU IA,NONE,,,,UNKNOWN,UNKNOWN,ONE SIZE ONLY (D-118),false (D-119),DESCRIPTION MISSING,MISSING,,,2026-10-01,2026-10-01
PRD-00077,FROZEN,CAT-003,OWNER-OFFICIAL-MENU-2026-10-01.xlsx,dfde223f219443454872e81ae64a1e8d4c55e486fe52a29f87ca1682979c8d97,Sheet1,81,77,Sheet1!R81 (#77),MV-2026-10-01,FIZZY DRINKS,CODE RED,كود رد,2.00,CODE RED,APPROVED — OFFICIAL SOURCE AS IS (D-089),,,SOURCE-PROVIDED — PENDING OWNER REVIEW (D-091),,,CODE RED,ALL_CAPS (D-131),,2000,JOD,true,2026-10-01,,APPROVED — v1.0,ARABIC_NAME_PENDING_REVIEW,ARABIC_NAME_PENDING_REVIEW,PRESENT IN CURRENT OWNER FILE,ON OFFICIAL MENU MV-2026-10-01,DRAFT — READY FOR MENU IA,NONE,,,,UNKNOWN,UNKNOWN,ONE SIZE ONLY (D-118),false (D-119),DESCRIPTION MISSING,MISSING,,,2026-10-01,2026-10-01
PRD-00078,FROZEN,CAT-003,OWNER-OFFICIAL-MENU-2026-10-01.xlsx,dfde223f219443454872e81ae64a1e8d4c55e486fe52a29f87ca1682979c8d97,Sheet1,82,78,Sheet1!R82 (#78),MV-2026-10-01,FIZZY DRINKS,RED BULL,ريد بُل,3.00,RED BULL,APPROVED — OFFICIAL SOURCE AS IS (D-089),,,SOURCE-PROVIDED — PENDING OWNER REVIEW (D-091),,,RED BULL,ALL_CAPS (D-131),,3000,JOD,true,2026-10-01,,APPROVED — v1.0,ARABIC_NAME_PENDING_REVIEW,ARABIC_NAME_PENDING_REVIEW,PRESENT IN CURRENT OWNER FILE,ON OFFICIAL MENU MV-2026-10-01,DRAFT — READY FOR MENU IA,NONE,,,,UNKNOWN,UNKNOWN,ONE SIZE ONLY (D-118),false (D-119),DESCRIPTION MISSING,MISSING,,,2026-10-01,2026-10-01
PRD-00079,FROZEN,CAT-003,OWNER-OFFICIAL-MENU-2026-10-01.xlsx,dfde223f219443454872e81ae64a1e8d4c55e486fe52a29f87ca1682979c8d97,Sheet1,83,79,Sheet1!R83 (#79),MV-2026-10-01,FIZZY DRINKS,7UP,سفن أب,1.50,7UP,APPROVED — OFFICIAL SOURCE AS IS (D-089),,,SOURCE-PROVIDED — PENDING OWNER REVIEW (D-091),,,7UP,ALL_CAPS (D-131),,1500,JOD,true,2026-10-01,,APPROVED — v1.0,ARABIC_NAME_PENDING_REVIEW,ARABIC_NAME_PENDING_REVIEW,PRESENT IN CURRENT OWNER FILE,ON OFFICIAL MENU MV-2026-10-01,DRAFT — READY FOR MENU IA,NONE,,,,UNKNOWN,UNKNOWN,ONE SIZE ONLY (D-118),false (D-119),DESCRIPTION MISSING,MISSING,,,2026-10-01,2026-10-01
PRD-00080,FROZEN,CAT-003,OWNER-OFFICIAL-MENU-2026-10-01.xlsx,dfde223f219443454872e81ae64a1e8d4c55e486fe52a29f87ca1682979c8d97,Sheet1,84,80,Sheet1!R84 (#80),MV-2026-10-01,FIZZY DRINKS,MINERAL WATER,ماء معدنية,0.50,MINERAL WATER,APPROVED — OFFICIAL SOURCE AS IS (D-089),,مياه معدنية,APPROVED — CORRECTED,G7 D-128,,MINERAL WATER,ALL_CAPS (D-131),مياه معدنية,500,JOD,true,2026-10-01,,APPROVED — v1.0,CLEAN,,PRESENT IN CURRENT OWNER FILE,ON OFFICIAL MENU MV-2026-10-01,DRAFT — READY FOR MENU IA,NONE,,,,UNKNOWN,UNKNOWN,ONE SIZE ONLY (D-118),false (D-119),DESCRIPTION MISSING,MISSING,,,2026-10-01,2026-10-01
PRD-00081,FROZEN,CAT-003,OWNER-OFFICIAL-MENU-2026-10-01.xlsx,dfde223f219443454872e81ae64a1e8d4c55e486fe52a29f87ca1682979c8d97,Sheet1,85,81,Sheet1!R85 (#81),MV-2026-10-01,FIZZY DRINKS,MOJITO SODA,موهيتو صودا,3.25,MOJITO SODA,APPROVED — OFFICIAL SOURCE AS IS (D-089),,,SOURCE-PROVIDED — PENDING OWNER REVIEW (D-091),,,MOJITO SODA,ALL_CAPS (D-131),,3250,JOD,true,2026-10-01,,APPROVED — v1.0,ARABIC_NAME_PENDING_REVIEW,ARABIC_NAME_PENDING_REVIEW,PRESENT IN CURRENT OWNER FILE,ON OFFICIAL MENU MV-2026-10-01,DRAFT — READY FOR MENU IA,NONE,,,,UNKNOWN,UNKNOWN,ONE SIZE ONLY (D-118),false (D-119),DESCRIPTION MISSING,MISSING,,,2026-10-01,2026-10-01
PRD-00082,FROZEN,CAT-003,OWNER-OFFICIAL-MENU-2026-10-01.xlsx,dfde223f219443454872e81ae64a1e8d4c55e486fe52a29f87ca1682979c8d97,Sheet1,86,82,Sheet1!R86 (#82),MV-2026-10-01,FIZZY DRINKS,SHELTER ENERGY CODE RED,شيلتر إنرجي كود رد,2.50,SHELTER ENERGY CODE RED,APPROVED — OFFICIAL SOURCE AS IS (D-089),,شلتر إنرجي كود رد,APPROVED — CORRECTED,G7 D-128,,SHELTER ENERGY CODE RED,ALL_CAPS (D-131),شلتر إنرجي كود رد,2500,JOD,true,2026-10-01,,APPROVED — v1.0,CLEAN,,PRESENT IN CURRENT OWNER FILE,ON OFFICIAL MENU MV-2026-10-01,DRAFT — READY FOR MENU IA,NONE,,,,UNKNOWN,UNKNOWN,ONE SIZE ONLY (D-118),false (D-119),DESCRIPTION MISSING,MISSING,,,2026-10-01,2026-10-01
PRD-00083,FROZEN,CAT-003,OWNER-OFFICIAL-MENU-2026-10-01.xlsx,dfde223f219443454872e81ae64a1e8d4c55e486fe52a29f87ca1682979c8d97,Sheet1,87,83,Sheet1!R87 (#83),MV-2026-10-01,FIZZY DRINKS,REDBULL FREE SUGAR,ريد بُل بدون سكر,3.00,RED BULL (SUGAR-FREE),APPROVED — CORRECTED,G4 D-126,,SOURCE-PROVIDED — PENDING OWNER REVIEW (D-091),,,RED BULL (SUGAR-FREE),ALL_CAPS (D-131),,3000,JOD,true,2026-10-01,,APPROVED — v1.0,ARABIC_NAME_PENDING_REVIEW,ARABIC_NAME_PENDING_REVIEW,PRESENT IN CURRENT OWNER FILE,ON OFFICIAL MENU MV-2026-10-01,DRAFT — READY FOR MENU IA,NONE,,,,UNKNOWN,UNKNOWN,ONE SIZE ONLY (D-118),false (D-119),DESCRIPTION MISSING,MISSING,,,2026-10-01,2026-10-01
PRD-00084,FROZEN,CAT-003,OWNER-OFFICIAL-MENU-2026-10-01.xlsx,dfde223f219443454872e81ae64a1e8d4c55e486fe52a29f87ca1682979c8d97,Sheet1,88,84,Sheet1!R88 (#84),MV-2026-10-01,FIZZY DRINKS,7UP SHELTER,سفن أب شيلتر,2.00,7UP SHELTER,APPROVED — OFFICIAL SOURCE AS IS (D-089),,سفن أب شلتر,APPROVED — CORRECTED,G7 D-128,,7UP SHELTER,ALL_CAPS (D-131),سفن أب شلتر,2000,JOD,true,2026-10-01,,APPROVED — v1.0,CLEAN,,PRESENT IN CURRENT OWNER FILE,ON OFFICIAL MENU MV-2026-10-01,DRAFT — READY FOR MENU IA,NONE,,,,UNKNOWN,UNKNOWN,ONE SIZE ONLY (D-118),false (D-119),DESCRIPTION MISSING,MISSING,,,2026-10-01,2026-10-01
PRD-00085,FROZEN,CAT-003,OWNER-OFFICIAL-MENU-2026-10-01.xlsx,dfde223f219443454872e81ae64a1e8d4c55e486fe52a29f87ca1682979c8d97,Sheet1,89,85,Sheet1!R89 (#85),MV-2026-10-01,FIZZY DRINKS,MOJITO CODE RED,موهيتو كود رد,3.50,MOJITO CODE RED,APPROVED — OFFICIAL SOURCE AS IS (D-089),,,SOURCE-PROVIDED — PENDING OWNER REVIEW (D-091),,,MOJITO CODE RED,ALL_CAPS (D-131),,3500,JOD,true,2026-10-01,,APPROVED — v1.0,ARABIC_NAME_PENDING_REVIEW,ARABIC_NAME_PENDING_REVIEW,PRESENT IN CURRENT OWNER FILE,ON OFFICIAL MENU MV-2026-10-01,DRAFT — READY FOR MENU IA,NONE,,,,UNKNOWN,UNKNOWN,ONE SIZE ONLY (D-118),false (D-119),DESCRIPTION MISSING,MISSING,,,2026-10-01,2026-10-01
PRD-00086,FROZEN,CAT-003,OWNER-OFFICIAL-MENU-2026-10-01.xlsx,dfde223f219443454872e81ae64a1e8d4c55e486fe52a29f87ca1682979c8d97,Sheet1,90,86,Sheet1!R90 (#86),MV-2026-10-01,FIZZY DRINKS,SHELTER ENERGY RED BULL,شيلتر إنرجي ريد بُل,3.25,SHELTER ENERGY RED BULL,APPROVED — OFFICIAL SOURCE AS IS (D-089),,شلتر إنرجي ريد بُل,APPROVED — CORRECTED,G7 D-128,,SHELTER ENERGY RED BULL,ALL_CAPS (D-131),شلتر إنرجي ريد بُل,3250,JOD,true,2026-10-01,,APPROVED — v1.0,CLEAN,,PRESENT IN CURRENT OWNER FILE,ON OFFICIAL MENU MV-2026-10-01,DRAFT — READY FOR MENU IA,NONE,,,,UNKNOWN,UNKNOWN,ONE SIZE ONLY (D-118),false (D-119),DESCRIPTION MISSING,MISSING,,,2026-10-01,2026-10-01
PRD-00087,FROZEN,CAT-003,OWNER-OFFICIAL-MENU-2026-10-01.xlsx,dfde223f219443454872e81ae64a1e8d4c55e486fe52a29f87ca1682979c8d97,Sheet1,91,87,Sheet1!R91 (#87),MV-2026-10-01,FIZZY DRINKS,MOJITO RED BULL,موهيتو ريد بُل,4.00,MOJITO RED BULL,APPROVED — OFFICIAL SOURCE AS IS (D-089),,,SOURCE-PROVIDED — PENDING OWNER REVIEW (D-091),,,MOJITO RED BULL,ALL_CAPS (D-131),,4000,JOD,true,2026-10-01,,APPROVED — v1.0,ARABIC_NAME_PENDING_REVIEW,ARABIC_NAME_PENDING_REVIEW,PRESENT IN CURRENT OWNER FILE,ON OFFICIAL MENU MV-2026-10-01,DRAFT — READY FOR MENU IA,NONE,,,,UNKNOWN,UNKNOWN,ONE SIZE ONLY (D-118),false (D-119),DESCRIPTION MISSING,MISSING,,,2026-10-01,2026-10-01
PRD-00088,FROZEN,CAT-003,OWNER-OFFICIAL-MENU-2026-10-01.xlsx,dfde223f219443454872e81ae64a1e8d4c55e486fe52a29f87ca1682979c8d97,Sheet1,92,88,Sheet1!R92 (#88),MV-2026-10-01,FIZZY DRINKS,REDBULL WATERMELON,ريد بُل بطيخ,3.00,RED BULL WATERMELON,APPROVED — CORRECTED,G4 D-126,,SOURCE-PROVIDED — PENDING OWNER REVIEW (D-091),,,RED BULL WATERMELON,ALL_CAPS (D-131),,3000,JOD,true,2026-10-01,,APPROVED — v1.0,ARABIC_NAME_PENDING_REVIEW,ARABIC_NAME_PENDING_REVIEW,PRESENT IN CURRENT OWNER FILE,ON OFFICIAL MENU MV-2026-10-01,DRAFT — READY FOR MENU IA,NONE,,,,UNKNOWN,UNKNOWN,ONE SIZE ONLY (D-118),false (D-119),DESCRIPTION MISSING,MISSING,,,2026-10-01,2026-10-01
PRD-00089,FROZEN,CAT-003,OWNER-OFFICIAL-MENU-2026-10-01.xlsx,dfde223f219443454872e81ae64a1e8d4c55e486fe52a29f87ca1682979c8d97,Sheet1,93,89,Sheet1!R93 (#89),MV-2026-10-01,FIZZY DRINKS,REDBULL COCONUT,ريد بُل جوز هند,3.00,RED BULL COCONUT,APPROVED — CORRECTED,G4 D-126,,SOURCE-PROVIDED — PENDING OWNER REVIEW (D-091),,,RED BULL COCONUT,ALL_CAPS (D-131),,3000,JOD,true,2026-10-01,,APPROVED — v1.0,ARABIC_NAME_PENDING_REVIEW,ARABIC_NAME_PENDING_REVIEW,PRESENT IN CURRENT OWNER FILE,ON OFFICIAL MENU MV-2026-10-01,DRAFT — READY FOR MENU IA,NONE,,,,UNKNOWN,UNKNOWN,ONE SIZE ONLY (D-118),false (D-119),DESCRIPTION MISSING,MISSING,,,2026-10-01,2026-10-01
PRD-00090,FROZEN,CAT-003,OWNER-OFFICIAL-MENU-2026-10-01.xlsx,dfde223f219443454872e81ae64a1e8d4c55e486fe52a29f87ca1682979c8d97,Sheet1,94,90,Sheet1!R94 (#90),MV-2026-10-01,FIZZY DRINKS,SODA SUMMER CRUSH,صودا سامر كراش,2.00,SODA SUMMER CRUSH,APPROVED — OFFICIAL SOURCE AS IS (D-089),,,SOURCE-PROVIDED — PENDING OWNER REVIEW (D-091),,,SODA SUMMER CRUSH,ALL_CAPS (D-131),,2000,JOD,true,2026-10-01,,APPROVED — v1.0,ARABIC_NAME_PENDING_REVIEW,ARABIC_NAME_PENDING_REVIEW,PRESENT IN CURRENT OWNER FILE,ON OFFICIAL MENU MV-2026-10-01,DRAFT — READY FOR MENU IA,NONE,,,,UNKNOWN,UNKNOWN,ONE SIZE ONLY (D-118),false (D-119),DESCRIPTION MISSING,MISSING,,,2026-10-01,2026-10-01
PRD-00091,FROZEN,CAT-004,OWNER-OFFICIAL-MENU-2026-10-01.xlsx,dfde223f219443454872e81ae64a1e8d4c55e486fe52a29f87ca1682979c8d97,Sheet1,96,91,Sheet1!R96 (#91),MV-2026-10-01,MILKSHAKE,MILKSHAKE VANILIA,ميلك شيك فانيلا,3.50,MILKSHAKE VANILLA,APPROVED — CORRECTED,G1 D-126,,SOURCE-PROVIDED — PENDING OWNER REVIEW (D-091),,,MILKSHAKE VANILLA,ALL_CAPS (D-131),,3500,JOD,true,2026-10-01,,APPROVED — v1.0,ARABIC_NAME_PENDING_REVIEW,ARABIC_NAME_PENDING_REVIEW,PRESENT IN CURRENT OWNER FILE,ON OFFICIAL MENU MV-2026-10-01,DRAFT — READY FOR MENU IA,NONE,,,,UNKNOWN,UNKNOWN,ONE SIZE ONLY (D-118),false (D-119),DESCRIPTION MISSING,MISSING,,,2026-10-01,2026-10-01
PRD-00092,FROZEN,CAT-004,OWNER-OFFICIAL-MENU-2026-10-01.xlsx,dfde223f219443454872e81ae64a1e8d4c55e486fe52a29f87ca1682979c8d97,Sheet1,97,92,Sheet1!R97 (#92),MV-2026-10-01,MILKSHAKE,MILKSHAKE OREO,ميلك شيك أوريو,3.50,MILKSHAKE OREO,APPROVED — OFFICIAL SOURCE AS IS (D-089),,,SOURCE-PROVIDED — PENDING OWNER REVIEW (D-091),,,MILKSHAKE OREO,ALL_CAPS (D-131),,3500,JOD,true,2026-10-01,,APPROVED — v1.0,ARABIC_NAME_PENDING_REVIEW,ARABIC_NAME_PENDING_REVIEW,PRESENT IN CURRENT OWNER FILE,ON OFFICIAL MENU MV-2026-10-01,DRAFT — READY FOR MENU IA,NONE,,,,UNKNOWN,UNKNOWN,ONE SIZE ONLY (D-118),false (D-119),DESCRIPTION MISSING,MISSING,,,2026-10-01,2026-10-01
PRD-00093,FROZEN,CAT-004,OWNER-OFFICIAL-MENU-2026-10-01.xlsx,dfde223f219443454872e81ae64a1e8d4c55e486fe52a29f87ca1682979c8d97,Sheet1,98,93,Sheet1!R98 (#93),MV-2026-10-01,MILKSHAKE,MILKSHAKE SHELTER,ميلك شيك شيلتر,3.50,MILKSHAKE SHELTER,APPROVED — OFFICIAL SOURCE AS IS (D-089),,ميلك شيك شلتر,APPROVED — CORRECTED,G7 D-128,,MILKSHAKE SHELTER,ALL_CAPS (D-131),ميلك شيك شلتر,3500,JOD,true,2026-10-01,,APPROVED — v1.0,CLEAN,,PRESENT IN CURRENT OWNER FILE,ON OFFICIAL MENU MV-2026-10-01,DRAFT — READY FOR MENU IA,NONE,,,,UNKNOWN,UNKNOWN,ONE SIZE ONLY (D-118),false (D-119),DESCRIPTION MISSING,MISSING,,,2026-10-01,2026-10-01
PRD-00094,FROZEN,CAT-004,OWNER-OFFICIAL-MENU-2026-10-01.xlsx,dfde223f219443454872e81ae64a1e8d4c55e486fe52a29f87ca1682979c8d97,Sheet1,99,94,Sheet1!R99 (#94),MV-2026-10-01,MILKSHAKE,MILKSHAKE CARAMEL,ميلك شيك كراميل,3.50,MILKSHAKE CARAMEL,APPROVED — OFFICIAL SOURCE AS IS (D-089),,,SOURCE-PROVIDED — PENDING OWNER REVIEW (D-091),,,MILKSHAKE CARAMEL,ALL_CAPS (D-131),,3500,JOD,true,2026-10-01,,APPROVED — v1.0,ARABIC_NAME_PENDING_REVIEW,ARABIC_NAME_PENDING_REVIEW,PRESENT IN CURRENT OWNER FILE,ON OFFICIAL MENU MV-2026-10-01,DRAFT — READY FOR MENU IA,NONE,,,,UNKNOWN,UNKNOWN,ONE SIZE ONLY (D-118),false (D-119),DESCRIPTION MISSING,MISSING,,,2026-10-01,2026-10-01
PRD-00095,FROZEN,CAT-004,OWNER-OFFICIAL-MENU-2026-10-01.xlsx,dfde223f219443454872e81ae64a1e8d4c55e486fe52a29f87ca1682979c8d97,Sheet1,100,95,Sheet1!R100 (#95),MV-2026-10-01,MILKSHAKE,MILKSHAKE PISTACHIO,ميلك شيك فستق,4.00,MILKSHAKE PISTACHIO,APPROVED — OFFICIAL SOURCE AS IS (D-089),,,SOURCE-PROVIDED — PENDING OWNER REVIEW (D-091),,,MILKSHAKE PISTACHIO,ALL_CAPS (D-131),,4000,JOD,true,2026-10-01,,APPROVED — v1.0,ARABIC_NAME_PENDING_REVIEW,ARABIC_NAME_PENDING_REVIEW,PRESENT IN CURRENT OWNER FILE,ON OFFICIAL MENU MV-2026-10-01,DRAFT — READY FOR MENU IA,NONE,,,,UNKNOWN,UNKNOWN,ONE SIZE ONLY (D-118),false (D-119),DESCRIPTION MISSING,MISSING,,,2026-10-01,2026-10-01
PRD-00096,FROZEN,CAT-004,OWNER-OFFICIAL-MENU-2026-10-01.xlsx,dfde223f219443454872e81ae64a1e8d4c55e486fe52a29f87ca1682979c8d97,Sheet1,101,96,Sheet1!R101 (#96),MV-2026-10-01,MILKSHAKE,MILKSHAKE CHOCOLATE,ميلك شيك شوكليت,3.50,MILKSHAKE CHOCOLATE,APPROVED — OFFICIAL SOURCE AS IS (D-089),,,SOURCE-PROVIDED — PENDING OWNER REVIEW (D-091),,,MILKSHAKE CHOCOLATE,ALL_CAPS (D-131),,3500,JOD,true,2026-10-01,,APPROVED — v1.0,ARABIC_NAME_PENDING_REVIEW,ARABIC_NAME_PENDING_REVIEW,PRESENT IN CURRENT OWNER FILE,ON OFFICIAL MENU MV-2026-10-01,DRAFT — READY FOR MENU IA,NONE,,,,UNKNOWN,UNKNOWN,ONE SIZE ONLY (D-118),false (D-119),DESCRIPTION MISSING,MISSING,,,2026-10-01,2026-10-01
PRD-00097,FROZEN,CAT-004,OWNER-OFFICIAL-MENU-2026-10-01.xlsx,dfde223f219443454872e81ae64a1e8d4c55e486fe52a29f87ca1682979c8d97,Sheet1,102,97,Sheet1!R102 (#97),MV-2026-10-01,MILKSHAKE,MILKSHAKE NUTELLA,ميلك شيك نوتيلا,3.50,MILKSHAKE NUTELLA,APPROVED — OFFICIAL SOURCE AS IS (D-089),,,SOURCE-PROVIDED — PENDING OWNER REVIEW (D-091),,,MILKSHAKE NUTELLA,ALL_CAPS (D-131),,3500,JOD,true,2026-10-01,,APPROVED — v1.0,ARABIC_NAME_PENDING_REVIEW,ARABIC_NAME_PENDING_REVIEW,PRESENT IN CURRENT OWNER FILE,ON OFFICIAL MENU MV-2026-10-01,DRAFT — READY FOR MENU IA,NONE,,,,UNKNOWN,UNKNOWN,ONE SIZE ONLY (D-118),false (D-119),DESCRIPTION MISSING,MISSING,,,2026-10-01,2026-10-01
PRD-00098,FROZEN,CAT-004,OWNER-OFFICIAL-MENU-2026-10-01.xlsx,dfde223f219443454872e81ae64a1e8d4c55e486fe52a29f87ca1682979c8d97,Sheet1,103,98,Sheet1!R103 (#98),MV-2026-10-01,MILKSHAKE,MILKSHAKE LOTUS,ميلك شيك لوتس,3.50,MILKSHAKE LOTUS,APPROVED — OFFICIAL SOURCE AS IS (D-089),,,SOURCE-PROVIDED — PENDING OWNER REVIEW (D-091),,,MILKSHAKE LOTUS,ALL_CAPS (D-131),,3500,JOD,true,2026-10-01,,APPROVED — v1.0,ARABIC_NAME_PENDING_REVIEW,ARABIC_NAME_PENDING_REVIEW,PRESENT IN CURRENT OWNER FILE,ON OFFICIAL MENU MV-2026-10-01,DRAFT — READY FOR MENU IA,NONE,,,,UNKNOWN,UNKNOWN,ONE SIZE ONLY (D-118),false (D-119),DESCRIPTION MISSING,MISSING,,,2026-10-01,2026-10-01
PRD-00099,FROZEN,CAT-004,OWNER-OFFICIAL-MENU-2026-10-01.xlsx,dfde223f219443454872e81ae64a1e8d4c55e486fe52a29f87ca1682979c8d97,Sheet1,104,99,Sheet1!R104 (#99),MV-2026-10-01,MILKSHAKE,MILKSHAKE TWIX,ميلك شيك تويكس,3.50,MILKSHAKE TWIX,APPROVED — OFFICIAL SOURCE AS IS (D-089),,,SOURCE-PROVIDED — PENDING OWNER REVIEW (D-091),,,MILKSHAKE TWIX,ALL_CAPS (D-131),,3500,JOD,true,2026-10-01,,APPROVED — v1.0,ARABIC_NAME_PENDING_REVIEW,ARABIC_NAME_PENDING_REVIEW,PRESENT IN CURRENT OWNER FILE,ON OFFICIAL MENU MV-2026-10-01,DRAFT — READY FOR MENU IA,NONE,,,,UNKNOWN,UNKNOWN,ONE SIZE ONLY (D-118),false (D-119),DESCRIPTION MISSING,MISSING,,,2026-10-01,2026-10-01
PRD-00100,FROZEN,CAT-004,OWNER-OFFICIAL-MENU-2026-10-01.xlsx,dfde223f219443454872e81ae64a1e8d4c55e486fe52a29f87ca1682979c8d97,Sheet1,105,100,Sheet1!R105 (#100),MV-2026-10-01,MILKSHAKE,MILKSHAKE SNICKERS,ميلك شيك سنيكرز,3.50,MILKSHAKE SNICKERS,APPROVED — OFFICIAL SOURCE AS IS (D-089),,,SOURCE-PROVIDED — PENDING OWNER REVIEW (D-091),,,MILKSHAKE SNICKERS,ALL_CAPS (D-131),,3500,JOD,true,2026-10-01,,APPROVED — v1.0,ARABIC_NAME_PENDING_REVIEW,ARABIC_NAME_PENDING_REVIEW,PRESENT IN CURRENT OWNER FILE,ON OFFICIAL MENU MV-2026-10-01,DRAFT — READY FOR MENU IA,NONE,,,,UNKNOWN,UNKNOWN,ONE SIZE ONLY (D-118),false (D-119),DESCRIPTION MISSING,MISSING,,,2026-10-01,2026-10-01
PRD-00101,FROZEN,CAT-004,OWNER-OFFICIAL-MENU-2026-10-01.xlsx,dfde223f219443454872e81ae64a1e8d4c55e486fe52a29f87ca1682979c8d97,Sheet1,106,101,Sheet1!R106 (#101),MV-2026-10-01,MILKSHAKE,MILKSHAKE CHEESE CAKE,ميلك شيك تشيز كيك,3.50,MILKSHAKE CHEESECAKE,APPROVED — CORRECTED,G5 D-126,,SOURCE-PROVIDED — PENDING OWNER REVIEW (D-091),,,MILKSHAKE CHEESECAKE,ALL_CAPS (D-131),,3500,JOD,true,2026-10-01,,APPROVED — v1.0,ARABIC_NAME_PENDING_REVIEW,ARABIC_NAME_PENDING_REVIEW,PRESENT IN CURRENT OWNER FILE,ON OFFICIAL MENU MV-2026-10-01,DRAFT — READY FOR MENU IA,NONE,,,,UNKNOWN,UNKNOWN,ONE SIZE ONLY (D-118),false (D-119),DESCRIPTION MISSING,MISSING,,,2026-10-01,2026-10-01
PRD-00102,FROZEN,CAT-004,OWNER-OFFICIAL-MENU-2026-10-01.xlsx,dfde223f219443454872e81ae64a1e8d4c55e486fe52a29f87ca1682979c8d97,Sheet1,107,102,Sheet1!R107 (#102),MV-2026-10-01,MILKSHAKE,MILKSHAKE CROCCANTE,ميلك شيك كروكانتي,3.50,MILKSHAKE CROCCANTE,APPROVED — OFFICIAL SOURCE AS IS (D-089),,,SOURCE-PROVIDED — PENDING OWNER REVIEW (D-091),,,MILKSHAKE CROCCANTE,ALL_CAPS (D-131),,3500,JOD,true,2026-10-01,,APPROVED — v1.0,ARABIC_NAME_PENDING_REVIEW,ARABIC_NAME_PENDING_REVIEW,PRESENT IN CURRENT OWNER FILE,ON OFFICIAL MENU MV-2026-10-01,DRAFT — READY FOR MENU IA,NONE,,,,UNKNOWN,UNKNOWN,ONE SIZE ONLY (D-118),false (D-119),DESCRIPTION MISSING,MISSING,,,2026-10-01,2026-10-01
PRD-00103,FROZEN,CAT-004,OWNER-OFFICIAL-MENU-2026-10-01.xlsx,dfde223f219443454872e81ae64a1e8d4c55e486fe52a29f87ca1682979c8d97,Sheet1,108,103,Sheet1!R108 (#103),MV-2026-10-01,MILKSHAKE,MILKSHAKE SALTED CARAMEL,ميلك شيك سولتد كراميل,3.50,MILKSHAKE SALTED CARAMEL,APPROVED — OFFICIAL SOURCE AS IS (D-089),,,SOURCE-PROVIDED — PENDING OWNER REVIEW (D-091),,,MILKSHAKE SALTED CARAMEL,ALL_CAPS (D-131),,3500,JOD,true,2026-10-01,,APPROVED — v1.0,ARABIC_NAME_PENDING_REVIEW,ARABIC_NAME_PENDING_REVIEW,PRESENT IN CURRENT OWNER FILE,ON OFFICIAL MENU MV-2026-10-01,DRAFT — READY FOR MENU IA,NONE,,,,UNKNOWN,UNKNOWN,ONE SIZE ONLY (D-118),false (D-119),DESCRIPTION MISSING,MISSING,,,2026-10-01,2026-10-01
PRD-00104,FROZEN,CAT-004,OWNER-OFFICIAL-MENU-2026-10-01.xlsx,dfde223f219443454872e81ae64a1e8d4c55e486fe52a29f87ca1682979c8d97,Sheet1,109,104,Sheet1!R109 (#104),MV-2026-10-01,MILKSHAKE,MILKSHAKE FERRERO,ميلك شيك فيريرو,3.50,MILKSHAKE FERRERO,APPROVED — OFFICIAL SOURCE AS IS (D-089),,,SOURCE-PROVIDED — PENDING OWNER REVIEW (D-091),,,MILKSHAKE FERRERO,ALL_CAPS (D-131),,3500,JOD,true,2026-10-01,,APPROVED — v1.0,ARABIC_NAME_PENDING_REVIEW,ARABIC_NAME_PENDING_REVIEW,PRESENT IN CURRENT OWNER FILE,ON OFFICIAL MENU MV-2026-10-01,DRAFT — READY FOR MENU IA,NONE,,,,UNKNOWN,UNKNOWN,ONE SIZE ONLY (D-118),false (D-119),DESCRIPTION MISSING,MISSING,,,2026-10-01,2026-10-01
PRD-00105,FROZEN,CAT-004,OWNER-OFFICIAL-MENU-2026-10-01.xlsx,dfde223f219443454872e81ae64a1e8d4c55e486fe52a29f87ca1682979c8d97,Sheet1,110,105,Sheet1!R110 (#105),MV-2026-10-01,MILKSHAKE,MILKSHAKE BAJ,ميلك شيك بَج,3.75,MILKSHAKE BAJ,APPROVED — OFFICIAL SOURCE AS IS (D-089),,,SOURCE-PROVIDED — PENDING OWNER REVIEW (D-091),,,MILKSHAKE BAJ,ALL_CAPS (D-131),,3750,JOD,true,2026-10-01,,APPROVED — v1.0,NAME_MEANING_OWNER_VERIFICATION,NAME_MEANING_OWNER_VERIFICATION (MQ-12) · ARABIC_NAME_PENDING_REVIEW,PRESENT IN CURRENT OWNER FILE,ON OFFICIAL MENU MV-2026-10-01,DRAFT — READY FOR MENU IA,NONE,,,,UNKNOWN,UNKNOWN,ONE SIZE ONLY (D-118),false (D-119),DESCRIPTION MISSING,MISSING,,,2026-10-01,2026-10-01
PRD-00106,FROZEN,CAT-004,OWNER-OFFICIAL-MENU-2026-10-01.xlsx,dfde223f219443454872e81ae64a1e8d4c55e486fe52a29f87ca1682979c8d97,Sheet1,111,106,Sheet1!R111 (#106),MV-2026-10-01,MILKSHAKE,MILKSHAKE FERRERO NUTELLA,ميلك شيك فيريرو نوتيلا,4.00,MILKSHAKE FERRERO NUTELLA,APPROVED — OFFICIAL SOURCE AS IS (D-089),,,SOURCE-PROVIDED — PENDING OWNER REVIEW (D-091),,,MILKSHAKE FERRERO NUTELLA,ALL_CAPS (D-131),,4000,JOD,true,2026-10-01,,APPROVED — v1.0,ARABIC_NAME_PENDING_REVIEW,ARABIC_NAME_PENDING_REVIEW,PRESENT IN CURRENT OWNER FILE,ON OFFICIAL MENU MV-2026-10-01,DRAFT — READY FOR MENU IA,NONE,,,,UNKNOWN,UNKNOWN,ONE SIZE ONLY (D-118),false (D-119),DESCRIPTION MISSING,MISSING,,,2026-10-01,2026-10-01
PRD-00107,FROZEN,CAT-004,OWNER-OFFICIAL-MENU-2026-10-01.xlsx,dfde223f219443454872e81ae64a1e8d4c55e486fe52a29f87ca1682979c8d97,Sheet1,112,107,Sheet1!R112 (#107),MV-2026-10-01,MILKSHAKE,MILKSHAKE ASH BERRY,ميلك شيك آش بيري,3.75,MILKSHAKE ASH BERRY,APPROVED — OFFICIAL SOURCE AS IS (D-089),,,SOURCE-PROVIDED — PENDING OWNER REVIEW (D-091),,,MILKSHAKE ASH BERRY,ALL_CAPS (D-131),,3750,JOD,true,2026-10-01,,APPROVED — v1.0,NAME_MEANING_OWNER_VERIFICATION,NAME_MEANING_OWNER_VERIFICATION (MQ-12) · ARABIC_NAME_PENDING_REVIEW,PRESENT IN CURRENT OWNER FILE,ON OFFICIAL MENU MV-2026-10-01,DRAFT — READY FOR MENU IA,NONE,,,,UNKNOWN,UNKNOWN,ONE SIZE ONLY (D-118),false (D-119),DESCRIPTION MISSING,MISSING,,,2026-10-01,2026-10-01
PRD-00108,FROZEN,CAT-004,OWNER-OFFICIAL-MENU-2026-10-01.xlsx,dfde223f219443454872e81ae64a1e8d4c55e486fe52a29f87ca1682979c8d97,Sheet1,113,108,Sheet1!R113 (#108),MV-2026-10-01,MILKSHAKE,MILKSHAKE STRAWBERRY,ميلك شيك فراولة,3.75,MILKSHAKE STRAWBERRY,APPROVED — OFFICIAL SOURCE AS IS (D-089),,,SOURCE-PROVIDED — PENDING OWNER REVIEW (D-091),,,MILKSHAKE STRAWBERRY,ALL_CAPS (D-131),,3750,JOD,true,2026-10-01,,APPROVED — v1.0,ARABIC_NAME_PENDING_REVIEW,ARABIC_NAME_PENDING_REVIEW,PRESENT IN CURRENT OWNER FILE,ON OFFICIAL MENU MV-2026-10-01,DRAFT — READY FOR MENU IA,NONE,,,,UNKNOWN,UNKNOWN,ONE SIZE ONLY (D-118),false (D-119),DESCRIPTION MISSING,MISSING,,,2026-10-01,2026-10-01
PRD-00109,FROZEN,CAT-004,OWNER-OFFICIAL-MENU-2026-10-01.xlsx,dfde223f219443454872e81ae64a1e8d4c55e486fe52a29f87ca1682979c8d97,Sheet1,114,109,Sheet1!R114 (#109),MV-2026-10-01,MILKSHAKE,MILKSHAKE BLUEBERRY,ميلك شيك بلوبيري,3.75,MILKSHAKE BLUEBERRY,APPROVED — OFFICIAL SOURCE AS IS (D-089),,,SOURCE-PROVIDED — PENDING OWNER REVIEW (D-091),,,MILKSHAKE BLUEBERRY,ALL_CAPS (D-131),,3750,JOD,true,2026-10-01,,APPROVED — v1.0,ARABIC_NAME_PENDING_REVIEW,ARABIC_NAME_PENDING_REVIEW,PRESENT IN CURRENT OWNER FILE,ON OFFICIAL MENU MV-2026-10-01,DRAFT — READY FOR MENU IA,NONE,,,,UNKNOWN,UNKNOWN,ONE SIZE ONLY (D-118),false (D-119),DESCRIPTION MISSING,MISSING,,,2026-10-01,2026-10-01
PRD-00110,FROZEN,CAT-004,OWNER-OFFICIAL-MENU-2026-10-01.xlsx,dfde223f219443454872e81ae64a1e8d4c55e486fe52a29f87ca1682979c8d97,Sheet1,115,110,Sheet1!R115 (#110),MV-2026-10-01,MILKSHAKE,MILKSHAKE OWAR QALB,ميلك شيك عَوَر قلب,3.75,MILKSHAKE OWAR QALB,APPROVED — OFFICIAL SOURCE AS IS (D-089),,,SOURCE-PROVIDED — PENDING OWNER REVIEW (D-091),,,MILKSHAKE OWAR QALB,ALL_CAPS (D-131),,3750,JOD,true,2026-10-01,,APPROVED — v1.0,ARABIC_NAME_PENDING_REVIEW,ARABIC_NAME_PENDING_REVIEW,PRESENT IN CURRENT OWNER FILE,ON OFFICIAL MENU MV-2026-10-01,DRAFT — READY FOR MENU IA,NONE,,,,UNKNOWN,UNKNOWN,ONE SIZE ONLY (D-118),false (D-119),DESCRIPTION MISSING,MISSING,,,2026-10-01,2026-10-01
PRD-00111,FROZEN,CAT-004,OWNER-OFFICIAL-MENU-2026-10-01.xlsx,dfde223f219443454872e81ae64a1e8d4c55e486fe52a29f87ca1682979c8d97,Sheet1,116,111,Sheet1!R116 (#111),MV-2026-10-01,MILKSHAKE,MILKSHAKE MIXBERRY,ميلك شيك مكس بيري,3.75,MILKSHAKE MIXBERRY,APPROVED — OFFICIAL SOURCE AS IS (D-089),,,SOURCE-PROVIDED — PENDING OWNER REVIEW (D-091),,,MILKSHAKE MIXBERRY,ALL_CAPS (D-131),,3750,JOD,true,2026-10-01,,APPROVED — v1.0,ARABIC_NAME_PENDING_REVIEW,ARABIC_NAME_PENDING_REVIEW,PRESENT IN CURRENT OWNER FILE,ON OFFICIAL MENU MV-2026-10-01,DRAFT — READY FOR MENU IA,NONE,,,,UNKNOWN,UNKNOWN,ONE SIZE ONLY (D-118),false (D-119),DESCRIPTION MISSING,MISSING,,,2026-10-01,2026-10-01
PRD-00112,FROZEN,CAT-005,OWNER-OFFICIAL-MENU-2026-10-01.xlsx,dfde223f219443454872e81ae64a1e8d4c55e486fe52a29f87ca1682979c8d97,Sheet1,118,112,Sheet1!R118 (#112),MV-2026-10-01,SMOOTHIES,SMOOTHIES ORANGE,سموذي برتقال,3.50,SMOOTHIE ORANGE,APPROVED — CORRECTED,G3 D-126,,SOURCE-PROVIDED — PENDING OWNER REVIEW (D-091),,,SMOOTHIE ORANGE,ALL_CAPS (D-131),,3500,JOD,true,2026-10-01,,APPROVED — v1.0,ARABIC_NAME_PENDING_REVIEW,ARABIC_NAME_PENDING_REVIEW,PRESENT IN CURRENT OWNER FILE,ON OFFICIAL MENU MV-2026-10-01,DRAFT — READY FOR MENU IA,NONE,,,,UNKNOWN,UNKNOWN,ONE SIZE ONLY (D-118),false (D-119),DESCRIPTION MISSING,MISSING,,,2026-10-01,2026-10-01
PRD-00113,FROZEN,CAT-005,OWNER-OFFICIAL-MENU-2026-10-01.xlsx,dfde223f219443454872e81ae64a1e8d4c55e486fe52a29f87ca1682979c8d97,Sheet1,119,113,Sheet1!R119 (#113),MV-2026-10-01,SMOOTHIES,SMOOTHIE MANGO,سموذي مانجو,3.50,SMOOTHIE MANGO,APPROVED — OFFICIAL SOURCE AS IS (D-089),,,SOURCE-PROVIDED — PENDING OWNER REVIEW (D-091),,,SMOOTHIE MANGO,ALL_CAPS (D-131),,3500,JOD,true,2026-10-01,,APPROVED — v1.0,ARABIC_NAME_PENDING_REVIEW,ARABIC_NAME_PENDING_REVIEW,PRESENT IN CURRENT OWNER FILE,ON OFFICIAL MENU MV-2026-10-01,DRAFT — READY FOR MENU IA,NONE,,,,UNKNOWN,UNKNOWN,ONE SIZE ONLY (D-118),false (D-119),DESCRIPTION MISSING,MISSING,,,2026-10-01,2026-10-01
PRD-00114,FROZEN,CAT-005,OWNER-OFFICIAL-MENU-2026-10-01.xlsx,dfde223f219443454872e81ae64a1e8d4c55e486fe52a29f87ca1682979c8d97,Sheet1,120,114,Sheet1!R120 (#114),MV-2026-10-01,SMOOTHIES,SMOOTHIES LEMON,سموذي ليمون,3.50,SMOOTHIE LEMON,APPROVED — CORRECTED,G3 D-126,,SOURCE-PROVIDED — PENDING OWNER REVIEW (D-091),,,SMOOTHIE LEMON,ALL_CAPS (D-131),,3500,JOD,true,2026-10-01,,APPROVED — v1.0,ARABIC_NAME_PENDING_REVIEW,ARABIC_NAME_PENDING_REVIEW,PRESENT IN CURRENT OWNER FILE,ON OFFICIAL MENU MV-2026-10-01,DRAFT — READY FOR MENU IA,NONE,,,,UNKNOWN,UNKNOWN,ONE SIZE ONLY (D-118),false (D-119),DESCRIPTION MISSING,MISSING,,,2026-10-01,2026-10-01
PRD-00115,FROZEN,CAT-005,OWNER-OFFICIAL-MENU-2026-10-01.xlsx,dfde223f219443454872e81ae64a1e8d4c55e486fe52a29f87ca1682979c8d97,Sheet1,121,115,Sheet1!R121 (#115) + Sheet1!R126 (#120),MV-2026-10-01,SMOOTHIES,SMOOTHIE PINAPPLE LMN STRWBERY,سموذي أناناس + ليمون + فراولة,3.50,SMOOTHIE PINEAPPLE + LEMON + STRAWBERRY,APPROVED — CORRECTED,G3 D-126,,SOURCE-PROVIDED — PENDING OWNER REVIEW (D-091),,,SMOOTHIE PINEAPPLE + LEMON + STRAWBERRY,ALL_CAPS (D-131),,3500,JOD,true,2026-10-01,,APPROVED — v1.0,ARABIC_NAME_PENDING_REVIEW,ARABIC_NAME_PENDING_REVIEW,PRESENT IN CURRENT OWNER FILE,ON OFFICIAL MENU MV-2026-10-01,DRAFT — READY FOR MENU IA,SURVIVOR,,,,UNKNOWN,UNKNOWN,ONE SIZE ONLY (D-118),false (D-119),DESCRIPTION MISSING,MISSING,,,2026-10-01,2026-10-01
PRD-00116,FROZEN,CAT-005,OWNER-OFFICIAL-MENU-2026-10-01.xlsx,dfde223f219443454872e81ae64a1e8d4c55e486fe52a29f87ca1682979c8d97,Sheet1,122,116,Sheet1!R122 (#116),MV-2026-10-01,SMOOTHIES,SMOOTHIE STRAWBERRY,سموذي فراولة,3.50,SMOOTHIE STRAWBERRY,APPROVED — OFFICIAL SOURCE AS IS (D-089),,,SOURCE-PROVIDED — PENDING OWNER REVIEW (D-091),,,SMOOTHIE STRAWBERRY,ALL_CAPS (D-131),,3500,JOD,true,2026-10-01,,APPROVED — v1.0,ARABIC_NAME_PENDING_REVIEW,ARABIC_NAME_PENDING_REVIEW,PRESENT IN CURRENT OWNER FILE,ON OFFICIAL MENU MV-2026-10-01,DRAFT — READY FOR MENU IA,NONE,,,,UNKNOWN,UNKNOWN,ONE SIZE ONLY (D-118),false (D-119),DESCRIPTION MISSING,MISSING,,,2026-10-01,2026-10-01
PRD-00117,FROZEN,CAT-005,OWNER-OFFICIAL-MENU-2026-10-01.xlsx,dfde223f219443454872e81ae64a1e8d4c55e486fe52a29f87ca1682979c8d97,Sheet1,123,117,Sheet1!R123 (#117),MV-2026-10-01,SMOOTHIES,SMOOTHIE ORANGE_PASSION,سموذي برتقال + باشن,3.50,SMOOTHIE ORANGE + PASSION,APPROVED — CORRECTED,G3 D-126,,SOURCE-PROVIDED — PENDING OWNER REVIEW (D-091),,,SMOOTHIE ORANGE + PASSION,ALL_CAPS (D-131),,3500,JOD,true,2026-10-01,,APPROVED — v1.0,ARABIC_NAME_PENDING_REVIEW,ARABIC_NAME_PENDING_REVIEW,PRESENT IN CURRENT OWNER FILE,ON OFFICIAL MENU MV-2026-10-01,DRAFT — READY FOR MENU IA,NONE,,,,UNKNOWN,UNKNOWN,ONE SIZE ONLY (D-118),false (D-119),DESCRIPTION MISSING,MISSING,,,2026-10-01,2026-10-01
PRD-00118,FROZEN,CAT-005,OWNER-OFFICIAL-MENU-2026-10-01.xlsx,dfde223f219443454872e81ae64a1e8d4c55e486fe52a29f87ca1682979c8d97,Sheet1,124,118,Sheet1!R124 (#118),MV-2026-10-01,SMOOTHIES,SMOOTHIE MANGO STRWBERRY,سموذي مانجو + فراولة,3.50,SMOOTHIE MANGO + STRAWBERRY,APPROVED — CORRECTED,G3 D-126,,SOURCE-PROVIDED — PENDING OWNER REVIEW (D-091),,,SMOOTHIE MANGO + STRAWBERRY,ALL_CAPS (D-131),,3500,JOD,true,2026-10-01,,APPROVED — v1.0,ARABIC_NAME_PENDING_REVIEW,ARABIC_NAME_PENDING_REVIEW,PRESENT IN CURRENT OWNER FILE,ON OFFICIAL MENU MV-2026-10-01,DRAFT — READY FOR MENU IA,NONE,,,,UNKNOWN,UNKNOWN,ONE SIZE ONLY (D-118),false (D-119),DESCRIPTION MISSING,MISSING,,,2026-10-01,2026-10-01
PRD-00119,FROZEN,CAT-005,OWNER-OFFICIAL-MENU-2026-10-01.xlsx,dfde223f219443454872e81ae64a1e8d4c55e486fe52a29f87ca1682979c8d97,Sheet1,125,119,Sheet1!R125 (#119),MV-2026-10-01,SMOOTHIES,SMOOTHIE LEMON MINT,سموذي ليمون نعناع,3.50,SMOOTHIE LEMON MINT,APPROVED — OFFICIAL SOURCE AS IS (D-089),,,SOURCE-PROVIDED — PENDING OWNER REVIEW (D-091),,,SMOOTHIE LEMON MINT,ALL_CAPS (D-131),,3500,JOD,true,2026-10-01,,APPROVED — v1.0,ARABIC_NAME_PENDING_REVIEW,ARABIC_NAME_PENDING_REVIEW,PRESENT IN CURRENT OWNER FILE,ON OFFICIAL MENU MV-2026-10-01,DRAFT — READY FOR MENU IA,NONE,,,,UNKNOWN,UNKNOWN,ONE SIZE ONLY (D-118),false (D-119),DESCRIPTION MISSING,MISSING,,,2026-10-01,2026-10-01
PRD-00120,FROZEN — RETIRED (MERGED INTO PRD-00115),CAT-005,OWNER-OFFICIAL-MENU-2026-10-01.xlsx,dfde223f219443454872e81ae64a1e8d4c55e486fe52a29f87ca1682979c8d97,Sheet1,126,120,Sheet1!R126 (#120),MV-2026-10-01,SMOOTHIES,SMOOTHIES PINA-STRAW-LEMON,سموذي أناناس + فراولة + ليمون,3.50,SMOOTHIE PINEAPPLE + STRAWBERRY + LEMON,APPROVED — CORRECTED,G3 D-126,,—,,,,ALL_CAPS (D-131),,3500,JOD,true,2026-10-01,2026-10-01,RETIRED,RETIRED,,PRESENT IN CURRENT OWNER FILE,RETIRED,NEVER PUBLISHED — RETIRED,MERGED,PRD-00115,,,—,—,ONE SIZE ONLY (D-118),false (D-119),DESCRIPTION MISSING,MISSING,,,2026-10-01,2026-10-01
PRD-00121,FROZEN,CAT-005,OWNER-OFFICIAL-MENU-2026-10-01.xlsx,dfde223f219443454872e81ae64a1e8d4c55e486fe52a29f87ca1682979c8d97,Sheet1,127,121,Sheet1!R127 (#121),MV-2026-10-01,SMOOTHIES,SMOOTHIES BLUEBERRY,سموذي بلوبيري,3.50,SMOOTHIE BLUEBERRY,APPROVED — CORRECTED,G3 D-126,,SOURCE-PROVIDED — PENDING OWNER REVIEW (D-091),,,SMOOTHIE BLUEBERRY,ALL_CAPS (D-131),,3500,JOD,true,2026-10-01,,APPROVED — v1.0,ARABIC_NAME_PENDING_REVIEW,ARABIC_NAME_PENDING_REVIEW,PRESENT IN CURRENT OWNER FILE,ON OFFICIAL MENU MV-2026-10-01,DRAFT — READY FOR MENU IA,NONE,,,,UNKNOWN,UNKNOWN,ONE SIZE ONLY (D-118),false (D-119),DESCRIPTION MISSING,MISSING,,,2026-10-01,2026-10-01
PRD-00122,FROZEN,CAT-005,OWNER-OFFICIAL-MENU-2026-10-01.xlsx,dfde223f219443454872e81ae64a1e8d4c55e486fe52a29f87ca1682979c8d97,Sheet1,128,122,Sheet1!R128 (#122),MV-2026-10-01,SMOOTHIES,SMOOTHIES KIWI,سموذي كيوي,3.50,SMOOTHIE KIWI,APPROVED — CORRECTED,G3 D-126,,SOURCE-PROVIDED — PENDING OWNER REVIEW (D-091),,,SMOOTHIE KIWI,ALL_CAPS (D-131),,3500,JOD,true,2026-10-01,,APPROVED — v1.0,ARABIC_NAME_PENDING_REVIEW,ARABIC_NAME_PENDING_REVIEW,PRESENT IN CURRENT OWNER FILE,ON OFFICIAL MENU MV-2026-10-01,DRAFT — READY FOR MENU IA,NONE,,,,UNKNOWN,UNKNOWN,ONE SIZE ONLY (D-118),false (D-119),DESCRIPTION MISSING,MISSING,,,2026-10-01,2026-10-01
PRD-00123,FROZEN,CAT-005,OWNER-OFFICIAL-MENU-2026-10-01.xlsx,dfde223f219443454872e81ae64a1e8d4c55e486fe52a29f87ca1682979c8d97,Sheet1,129,123,Sheet1!R129 (#123),MV-2026-10-01,SMOOTHIES,SMOOTHIES PINAPPLE,سموذي أناناس,3.50,SMOOTHIE PINEAPPLE,APPROVED — CORRECTED,G3 D-126,,SOURCE-PROVIDED — PENDING OWNER REVIEW (D-091),,,SMOOTHIE PINEAPPLE,ALL_CAPS (D-131),,3500,JOD,true,2026-10-01,,APPROVED — v1.0,ARABIC_NAME_PENDING_REVIEW,ARABIC_NAME_PENDING_REVIEW,PRESENT IN CURRENT OWNER FILE,ON OFFICIAL MENU MV-2026-10-01,DRAFT — READY FOR MENU IA,NONE,,,,UNKNOWN,UNKNOWN,ONE SIZE ONLY (D-118),false (D-119),DESCRIPTION MISSING,MISSING,,,2026-10-01,2026-10-01
PRD-00124,FROZEN,CAT-005,OWNER-OFFICIAL-MENU-2026-10-01.xlsx,dfde223f219443454872e81ae64a1e8d4c55e486fe52a29f87ca1682979c8d97,Sheet1,130,124,Sheet1!R130 (#124),MV-2026-10-01,SMOOTHIES,SMOOTHIES MIXBERRY,سموذي مكس بيري,3.50,SMOOTHIE MIXBERRY,APPROVED — CORRECTED,G3 D-126,,SOURCE-PROVIDED — PENDING OWNER REVIEW (D-091),,,SMOOTHIE MIXBERRY,ALL_CAPS (D-131),,3500,JOD,true,2026-10-01,,APPROVED — v1.0,ARABIC_NAME_PENDING_REVIEW,ARABIC_NAME_PENDING_REVIEW,PRESENT IN CURRENT OWNER FILE,ON OFFICIAL MENU MV-2026-10-01,DRAFT — READY FOR MENU IA,NONE,,,,UNKNOWN,UNKNOWN,ONE SIZE ONLY (D-118),false (D-119),DESCRIPTION MISSING,MISSING,,,2026-10-01,2026-10-01
PRD-00125,FROZEN,CAT-005,OWNER-OFFICIAL-MENU-2026-10-01.xlsx,dfde223f219443454872e81ae64a1e8d4c55e486fe52a29f87ca1682979c8d97,Sheet1,131,125,Sheet1!R131 (#125),MV-2026-10-01,SMOOTHIES,SMOOTHIES PEACH,سموذي خوخ,3.50,SMOOTHIE PEACH,APPROVED — CORRECTED,G3 D-126,,SOURCE-PROVIDED — PENDING OWNER REVIEW (D-091),,,SMOOTHIE PEACH,ALL_CAPS (D-131),,3500,JOD,true,2026-10-01,,APPROVED — v1.0,ARABIC_NAME_PENDING_REVIEW,ARABIC_NAME_PENDING_REVIEW,PRESENT IN CURRENT OWNER FILE,ON OFFICIAL MENU MV-2026-10-01,DRAFT — READY FOR MENU IA,NONE,,,,UNKNOWN,UNKNOWN,ONE SIZE ONLY (D-118),false (D-119),DESCRIPTION MISSING,MISSING,,,2026-10-01,2026-10-01
PRD-00126,FROZEN,CAT-005,OWNER-OFFICIAL-MENU-2026-10-01.xlsx,dfde223f219443454872e81ae64a1e8d4c55e486fe52a29f87ca1682979c8d97,Sheet1,132,126,Sheet1!R132 (#126),MV-2026-10-01,SMOOTHIES,STRW_MANGO PASSION,فراولة + مانجو + باشن,3.50,SMOOTHIE STRAWBERRY + MANGO + PASSION,APPROVED — CORRECTED,G3 D-126,سموذي فراولة + مانجو + باشن,APPROVED — CORRECTED,G7 D-128,,SMOOTHIE STRAWBERRY + MANGO + PASSION,ALL_CAPS (D-131),سموذي فراولة + مانجو + باشن,3500,JOD,true,2026-10-01,,APPROVED — v1.0,CLEAN,,PRESENT IN CURRENT OWNER FILE,ON OFFICIAL MENU MV-2026-10-01,DRAFT — READY FOR MENU IA,NONE,,,,UNKNOWN,UNKNOWN,ONE SIZE ONLY (D-118),false (D-119),DESCRIPTION MISSING,MISSING,,,2026-10-01,2026-10-01
PRD-00127,FROZEN,CAT-005,OWNER-OFFICIAL-MENU-2026-10-01.xlsx,dfde223f219443454872e81ae64a1e8d4c55e486fe52a29f87ca1682979c8d97,Sheet1,133,127,Sheet1!R133 (#127),MV-2026-10-01,SMOOTHIES,LEMON_KIWI,ليمون + كيوي,3.50,SMOOTHIE LEMON + KIWI,APPROVED — CORRECTED,G3 D-126,سموذي ليمون + كيوي,APPROVED — CORRECTED,G7 D-128,,SMOOTHIE LEMON + KIWI,ALL_CAPS (D-131),سموذي ليمون + كيوي,3500,JOD,true,2026-10-01,,APPROVED — v1.0,CLEAN,,PRESENT IN CURRENT OWNER FILE,ON OFFICIAL MENU MV-2026-10-01,DRAFT — READY FOR MENU IA,NONE,,,,UNKNOWN,UNKNOWN,ONE SIZE ONLY (D-118),false (D-119),DESCRIPTION MISSING,MISSING,,,2026-10-01,2026-10-01
PRD-00128,FROZEN,CAT-005,OWNER-OFFICIAL-MENU-2026-10-01.xlsx,dfde223f219443454872e81ae64a1e8d4c55e486fe52a29f87ca1682979c8d97,Sheet1,134,128,Sheet1!R134 (#128),MV-2026-10-01,SMOOTHIES,SMOOTHIE PASSION,سموذي باشن,3.50,SMOOTHIE PASSION,APPROVED — OFFICIAL SOURCE AS IS (D-089),,,SOURCE-PROVIDED — PENDING OWNER REVIEW (D-091),,,SMOOTHIE PASSION,ALL_CAPS (D-131),,3500,JOD,true,2026-10-01,,APPROVED — v1.0,ARABIC_NAME_PENDING_REVIEW,ARABIC_NAME_PENDING_REVIEW,PRESENT IN CURRENT OWNER FILE,ON OFFICIAL MENU MV-2026-10-01,DRAFT — READY FOR MENU IA,NONE,,,,UNKNOWN,UNKNOWN,ONE SIZE ONLY (D-118),false (D-119),DESCRIPTION MISSING,MISSING,,,2026-10-01,2026-10-01
PRD-00129,FROZEN,CAT-005,OWNER-OFFICIAL-MENU-2026-10-01.xlsx,dfde223f219443454872e81ae64a1e8d4c55e486fe52a29f87ca1682979c8d97,Sheet1,135,129,Sheet1!R135 (#129),MV-2026-10-01,SMOOTHIES,SMOOTHES PASSION+PINAPPLE+BA,سموذي باشن + أناناس + مانجو,3.50,SMOOTHIE PASSION + PINEAPPLE + MANGO,APPROVED — CORRECTED,G3 D-114 D-126,,SOURCE-PROVIDED — PENDING OWNER REVIEW (D-091),,,SMOOTHIE PASSION + PINEAPPLE + MANGO,ALL_CAPS (D-131),,3500,JOD,true,2026-10-01,,APPROVED — v1.0,ARABIC_NAME_PENDING_REVIEW,ARABIC_NAME_PENDING_REVIEW,PRESENT IN CURRENT OWNER FILE,ON OFFICIAL MENU MV-2026-10-01,DRAFT — READY FOR MENU IA,NONE,,,,UNKNOWN,UNKNOWN,ONE SIZE ONLY (D-118),false (D-119),DESCRIPTION MISSING,MISSING,,,2026-10-01,2026-10-01
PRD-00130,FROZEN,CAT-005,OWNER-OFFICIAL-MENU-2026-10-01.xlsx,dfde223f219443454872e81ae64a1e8d4c55e486fe52a29f87ca1682979c8d97,Sheet1,136,130,Sheet1!R136 (#130),MV-2026-10-01,SMOOTHIES,SMOOTHES MANGO+PINAPPLE+ORANGE,سموذي مانجو + أناناس + برتقال,3.50,SMOOTHIE MANGO + PINEAPPLE + ORANGE,APPROVED — CORRECTED,G3 D-126,,SOURCE-PROVIDED — PENDING OWNER REVIEW (D-091),,,SMOOTHIE MANGO + PINEAPPLE + ORANGE,ALL_CAPS (D-131),,3500,JOD,true,2026-10-01,,APPROVED — v1.0,ARABIC_NAME_PENDING_REVIEW,ARABIC_NAME_PENDING_REVIEW,PRESENT IN CURRENT OWNER FILE,ON OFFICIAL MENU MV-2026-10-01,DRAFT — READY FOR MENU IA,NONE,,,,UNKNOWN,UNKNOWN,ONE SIZE ONLY (D-118),false (D-119),DESCRIPTION MISSING,MISSING,,,2026-10-01,2026-10-01
PRD-00131,FROZEN,CAT-005,OWNER-OFFICIAL-MENU-2026-10-01.xlsx,dfde223f219443454872e81ae64a1e8d4c55e486fe52a29f87ca1682979c8d97,Sheet1,137,131,Sheet1!R137 (#131),MV-2026-10-01,SMOOTHIES,SMOOTHES BERRY MINT,سموذي بيري نعناع,3.50,SMOOTHIE BERRY MINT,APPROVED — CORRECTED,G3 D-126,,SOURCE-PROVIDED — PENDING OWNER REVIEW (D-091),,,SMOOTHIE BERRY MINT,ALL_CAPS (D-131),,3500,JOD,true,2026-10-01,,APPROVED — v1.0,ARABIC_NAME_PENDING_REVIEW,ARABIC_NAME_PENDING_REVIEW,PRESENT IN CURRENT OWNER FILE,ON OFFICIAL MENU MV-2026-10-01,DRAFT — READY FOR MENU IA,NONE,,,,UNKNOWN,UNKNOWN,ONE SIZE ONLY (D-118),false (D-119),DESCRIPTION MISSING,MISSING,,,2026-10-01,2026-10-01
PRD-00132,FROZEN,CAT-005,OWNER-OFFICIAL-MENU-2026-10-01.xlsx,dfde223f219443454872e81ae64a1e8d4c55e486fe52a29f87ca1682979c8d97,Sheet1,138,132,Sheet1!R138 (#132),MV-2026-10-01,SMOOTHIES,SMOOTHES MANGO + PINAPPLE,سموذي مانجو + أناناس,3.50,SMOOTHIE MANGO + PINEAPPLE,APPROVED — CORRECTED,G3 D-126,,SOURCE-PROVIDED — PENDING OWNER REVIEW (D-091),,,SMOOTHIE MANGO + PINEAPPLE,ALL_CAPS (D-131),,3500,JOD,true,2026-10-01,,APPROVED — v1.0,ARABIC_NAME_PENDING_REVIEW,ARABIC_NAME_PENDING_REVIEW,PRESENT IN CURRENT OWNER FILE,ON OFFICIAL MENU MV-2026-10-01,DRAFT — READY FOR MENU IA,NONE,,,,UNKNOWN,UNKNOWN,ONE SIZE ONLY (D-118),false (D-119),DESCRIPTION MISSING,MISSING,,,2026-10-01,2026-10-01
PRD-00133,FROZEN,CAT-005,OWNER-OFFICIAL-MENU-2026-10-01.xlsx,dfde223f219443454872e81ae64a1e8d4c55e486fe52a29f87ca1682979c8d97,Sheet1,139,133,Sheet1!R139 (#133),MV-2026-10-01,SMOOTHIES,SMOOTHES STRAWBERRY+PASSION,سموذي فراولة + باشن,3.50,SMOOTHIE STRAWBERRY + PASSION,APPROVED — CORRECTED,G3 D-126,,SOURCE-PROVIDED — PENDING OWNER REVIEW (D-091),,,SMOOTHIE STRAWBERRY + PASSION,ALL_CAPS (D-131),,3500,JOD,true,2026-10-01,,APPROVED — v1.0,ARABIC_NAME_PENDING_REVIEW,ARABIC_NAME_PENDING_REVIEW,PRESENT IN CURRENT OWNER FILE,ON OFFICIAL MENU MV-2026-10-01,DRAFT — READY FOR MENU IA,NONE,,,,UNKNOWN,UNKNOWN,ONE SIZE ONLY (D-118),false (D-119),DESCRIPTION MISSING,MISSING,,,2026-10-01,2026-10-01
PRD-00134,FROZEN,CAT-005,OWNER-OFFICIAL-MENU-2026-10-01.xlsx,dfde223f219443454872e81ae64a1e8d4c55e486fe52a29f87ca1682979c8d97,Sheet1,140,134,Sheet1!R140 (#134),MV-2026-10-01,SMOOTHIES,SMOOTHES MANGO+PASSION,سموذي مانجو + باشن,3.50,SMOOTHIE MANGO + PASSION,APPROVED — CORRECTED,G3 D-126,,SOURCE-PROVIDED — PENDING OWNER REVIEW (D-091),,,SMOOTHIE MANGO + PASSION,ALL_CAPS (D-131),,3500,JOD,true,2026-10-01,,APPROVED — v1.0,ARABIC_NAME_PENDING_REVIEW,ARABIC_NAME_PENDING_REVIEW,PRESENT IN CURRENT OWNER FILE,ON OFFICIAL MENU MV-2026-10-01,DRAFT — READY FOR MENU IA,NONE,,,,UNKNOWN,UNKNOWN,ONE SIZE ONLY (D-118),false (D-119),DESCRIPTION MISSING,MISSING,,,2026-10-01,2026-10-01
PRD-00135,FROZEN,CAT-005,OWNER-OFFICIAL-MENU-2026-10-01.xlsx,dfde223f219443454872e81ae64a1e8d4c55e486fe52a29f87ca1682979c8d97,Sheet1,141,135,Sheet1!R141 (#135),MV-2026-10-01,SMOOTHIES,ORANGE JUICE,عصير برتقال,3.50,ORANGE JUICE,APPROVED — OFFICIAL SOURCE AS IS (D-089),,,SOURCE-PROVIDED — PENDING OWNER REVIEW (D-091),,,ORANGE JUICE,ALL_CAPS (D-131),,3500,JOD,true,2026-10-01,,APPROVED — v1.0,ARABIC_NAME_PENDING_REVIEW,ARABIC_NAME_PENDING_REVIEW,PRESENT IN CURRENT OWNER FILE,ON OFFICIAL MENU MV-2026-10-01,DRAFT — READY FOR MENU IA,NONE,,,,UNKNOWN,UNKNOWN,ONE SIZE ONLY (D-118),false (D-119),DESCRIPTION MISSING,MISSING,,,2026-10-01,2026-10-01
PRD-00136,FROZEN,CAT-006,OWNER-OFFICIAL-MENU-2026-10-01.xlsx,dfde223f219443454872e81ae64a1e8d4c55e486fe52a29f87ca1682979c8d97,Sheet1,143,136,Sheet1!R143 (#136),MV-2026-10-01,FRAPPE,FRAPE VANILIA,فرابيه فانيلا,3.50,FRAPPE VANILLA,APPROVED — CORRECTED,G1 G2 D-126,,SOURCE-PROVIDED — PENDING OWNER REVIEW (D-091),,,FRAPPE VANILLA,ALL_CAPS (D-131),,3500,JOD,true,2026-10-01,,APPROVED — v1.0,ARABIC_NAME_PENDING_REVIEW,ARABIC_NAME_PENDING_REVIEW,PRESENT IN CURRENT OWNER FILE,ON OFFICIAL MENU MV-2026-10-01,DRAFT — READY FOR MENU IA,NONE,,,,UNKNOWN,UNKNOWN,ONE SIZE ONLY (D-118),false (D-119),DESCRIPTION MISSING,MISSING,,,2026-10-01,2026-10-01
PRD-00137,FROZEN,CAT-006,OWNER-OFFICIAL-MENU-2026-10-01.xlsx,dfde223f219443454872e81ae64a1e8d4c55e486fe52a29f87ca1682979c8d97,Sheet1,144,137,Sheet1!R144 (#137),MV-2026-10-01,FRAPPE,FRAPE CHOCOLATE,فرابيه شوكليت,3.50,FRAPPE CHOCOLATE,APPROVED — CORRECTED,G2 D-126,,SOURCE-PROVIDED — PENDING OWNER REVIEW (D-091),,,FRAPPE CHOCOLATE,ALL_CAPS (D-131),,3500,JOD,true,2026-10-01,,APPROVED — v1.0,ARABIC_NAME_PENDING_REVIEW,ARABIC_NAME_PENDING_REVIEW,PRESENT IN CURRENT OWNER FILE,ON OFFICIAL MENU MV-2026-10-01,DRAFT — READY FOR MENU IA,NONE,,,,UNKNOWN,UNKNOWN,ONE SIZE ONLY (D-118),false (D-119),DESCRIPTION MISSING,MISSING,,,2026-10-01,2026-10-01
PRD-00138,FROZEN,CAT-006,OWNER-OFFICIAL-MENU-2026-10-01.xlsx,dfde223f219443454872e81ae64a1e8d4c55e486fe52a29f87ca1682979c8d97,Sheet1,145,138,Sheet1!R145 (#138),MV-2026-10-01,FRAPPE,FRAPE CARAMEL,فرابيه كراميل,3.50,FRAPPE CARAMEL,APPROVED — CORRECTED,G2 D-126,,SOURCE-PROVIDED — PENDING OWNER REVIEW (D-091),,,FRAPPE CARAMEL,ALL_CAPS (D-131),,3500,JOD,true,2026-10-01,,APPROVED — v1.0,ARABIC_NAME_PENDING_REVIEW,ARABIC_NAME_PENDING_REVIEW,PRESENT IN CURRENT OWNER FILE,ON OFFICIAL MENU MV-2026-10-01,DRAFT — READY FOR MENU IA,NONE,,,,UNKNOWN,UNKNOWN,ONE SIZE ONLY (D-118),false (D-119),DESCRIPTION MISSING,MISSING,,,2026-10-01,2026-10-01
PRD-00139,FROZEN,CAT-006,OWNER-OFFICIAL-MENU-2026-10-01.xlsx,dfde223f219443454872e81ae64a1e8d4c55e486fe52a29f87ca1682979c8d97,Sheet1,146,139,Sheet1!R146 (#139),MV-2026-10-01,FRAPPE,FRAPE SHELTER,فرابيه شيلتر,3.50,FRAPPE SHELTER,APPROVED — CORRECTED,G2 D-126,فرابيه شلتر,APPROVED — CORRECTED,G7 D-128,,FRAPPE SHELTER,ALL_CAPS (D-131),فرابيه شلتر,3500,JOD,true,2026-10-01,,APPROVED — v1.0,CLEAN,,PRESENT IN CURRENT OWNER FILE,ON OFFICIAL MENU MV-2026-10-01,DRAFT — READY FOR MENU IA,NONE,,,,UNKNOWN,UNKNOWN,ONE SIZE ONLY (D-118),false (D-119),DESCRIPTION MISSING,MISSING,,,2026-10-01,2026-10-01
PRD-00140,FROZEN,CAT-006,OWNER-OFFICIAL-MENU-2026-10-01.xlsx,dfde223f219443454872e81ae64a1e8d4c55e486fe52a29f87ca1682979c8d97,Sheet1,147,140,Sheet1!R147 (#140),MV-2026-10-01,FRAPPE,FRAPE PISTACHIO,فرابيه فستق,3.50,FRAPPE PISTACHIO,APPROVED — CORRECTED,G2 D-126,,SOURCE-PROVIDED — PENDING OWNER REVIEW (D-091),,,FRAPPE PISTACHIO,ALL_CAPS (D-131),,3500,JOD,true,2026-10-01,,APPROVED — v1.0,ARABIC_NAME_PENDING_REVIEW,ARABIC_NAME_PENDING_REVIEW,PRESENT IN CURRENT OWNER FILE,ON OFFICIAL MENU MV-2026-10-01,DRAFT — READY FOR MENU IA,NONE,,,,UNKNOWN,UNKNOWN,ONE SIZE ONLY (D-118),false (D-119),DESCRIPTION MISSING,MISSING,,,2026-10-01,2026-10-01
PRD-00141,FROZEN,CAT-006,OWNER-OFFICIAL-MENU-2026-10-01.xlsx,dfde223f219443454872e81ae64a1e8d4c55e486fe52a29f87ca1682979c8d97,Sheet1,148,141,Sheet1!R148 (#141),MV-2026-10-01,FRAPPE,FRAPE ESPRESSO,فرابيه إسبريسو,3.50,FRAPPE ESPRESSO,APPROVED — CORRECTED,G2 D-126,,SOURCE-PROVIDED — PENDING OWNER REVIEW (D-091),,,FRAPPE ESPRESSO,ALL_CAPS (D-131),,3500,JOD,true,2026-10-01,,APPROVED — v1.0,ARABIC_NAME_PENDING_REVIEW,ARABIC_NAME_PENDING_REVIEW,PRESENT IN CURRENT OWNER FILE,ON OFFICIAL MENU MV-2026-10-01,DRAFT — READY FOR MENU IA,NONE,,,,UNKNOWN,UNKNOWN,ONE SIZE ONLY (D-118),false (D-119),DESCRIPTION MISSING,MISSING,,,2026-10-01,2026-10-01
PRD-00142,FROZEN,CAT-006,OWNER-OFFICIAL-MENU-2026-10-01.xlsx,dfde223f219443454872e81ae64a1e8d4c55e486fe52a29f87ca1682979c8d97,Sheet1,149,142,Sheet1!R149 (#142),MV-2026-10-01,FRAPPE,FRAPE TWIX,فرابيه تويكس,3.50,FRAPPE TWIX,APPROVED — CORRECTED,G2 D-126,,SOURCE-PROVIDED — PENDING OWNER REVIEW (D-091),,,FRAPPE TWIX,ALL_CAPS (D-131),,3500,JOD,true,2026-10-01,,APPROVED — v1.0,ARABIC_NAME_PENDING_REVIEW,ARABIC_NAME_PENDING_REVIEW,PRESENT IN CURRENT OWNER FILE,ON OFFICIAL MENU MV-2026-10-01,DRAFT — READY FOR MENU IA,NONE,,,,UNKNOWN,UNKNOWN,ONE SIZE ONLY (D-118),false (D-119),DESCRIPTION MISSING,MISSING,,,2026-10-01,2026-10-01
PRD-00143,FROZEN,CAT-006,OWNER-OFFICIAL-MENU-2026-10-01.xlsx,dfde223f219443454872e81ae64a1e8d4c55e486fe52a29f87ca1682979c8d97,Sheet1,150,143,Sheet1!R150 (#143),MV-2026-10-01,FRAPPE,FRAPE CROCCANTE,فرابيه كروكانتي,3.50,FRAPPE CROCCANTE,APPROVED — CORRECTED,G2 D-126,,SOURCE-PROVIDED — PENDING OWNER REVIEW (D-091),,,FRAPPE CROCCANTE,ALL_CAPS (D-131),,3500,JOD,true,2026-10-01,,APPROVED — v1.0,ARABIC_NAME_PENDING_REVIEW,ARABIC_NAME_PENDING_REVIEW,PRESENT IN CURRENT OWNER FILE,ON OFFICIAL MENU MV-2026-10-01,DRAFT — READY FOR MENU IA,NONE,,,,UNKNOWN,UNKNOWN,ONE SIZE ONLY (D-118),false (D-119),DESCRIPTION MISSING,MISSING,,,2026-10-01,2026-10-01
PRD-00144,FROZEN,CAT-006,OWNER-OFFICIAL-MENU-2026-10-01.xlsx,dfde223f219443454872e81ae64a1e8d4c55e486fe52a29f87ca1682979c8d97,Sheet1,151,144,Sheet1!R151 (#144),MV-2026-10-01,FRAPPE,FRAPE MATCHA,فرابيه ماتشا,4.00,FRAPPE MATCHA,APPROVED — CORRECTED,G2 D-126,,SOURCE-PROVIDED — PENDING OWNER REVIEW (D-091),,,FRAPPE MATCHA,ALL_CAPS (D-131),,4000,JOD,true,2026-10-01,,APPROVED — v1.0,ARABIC_NAME_PENDING_REVIEW,ARABIC_NAME_PENDING_REVIEW,PRESENT IN CURRENT OWNER FILE,ON OFFICIAL MENU MV-2026-10-01,DRAFT — READY FOR MENU IA,NONE,,,,UNKNOWN,UNKNOWN,ONE SIZE ONLY (D-118),false (D-119),DESCRIPTION MISSING,MISSING,,,2026-10-01,2026-10-01
PRD-00145,FROZEN,CAT-006,OWNER-OFFICIAL-MENU-2026-10-01.xlsx,dfde223f219443454872e81ae64a1e8d4c55e486fe52a29f87ca1682979c8d97,Sheet1,152,145,Sheet1!R152 (#145),MV-2026-10-01,FRAPPE,FRAPE WHITE MOCHA,فرابيه وايت موكا,3.50,FRAPPE WHITE MOCHA,APPROVED — CORRECTED,G2 D-126,,SOURCE-PROVIDED — PENDING OWNER REVIEW (D-091),,,FRAPPE WHITE MOCHA,ALL_CAPS (D-131),,3500,JOD,true,2026-10-01,,APPROVED — v1.0,ARABIC_NAME_PENDING_REVIEW,ARABIC_NAME_PENDING_REVIEW,PRESENT IN CURRENT OWNER FILE,ON OFFICIAL MENU MV-2026-10-01,DRAFT — READY FOR MENU IA,NONE,,,,UNKNOWN,UNKNOWN,ONE SIZE ONLY (D-118),false (D-119),DESCRIPTION MISSING,MISSING,,,2026-10-01,2026-10-01
PRD-00146,FROZEN,CAT-006,OWNER-OFFICIAL-MENU-2026-10-01.xlsx,dfde223f219443454872e81ae64a1e8d4c55e486fe52a29f87ca1682979c8d97,Sheet1,153,146,Sheet1!R153 (#146),MV-2026-10-01,FRAPPE,FRAPE MOCHA,فرابيه موكا,3.50,FRAPPE MOCHA,APPROVED — CORRECTED,G2 D-126,,SOURCE-PROVIDED — PENDING OWNER REVIEW (D-091),,,FRAPPE MOCHA,ALL_CAPS (D-131),,3500,JOD,true,2026-10-01,,APPROVED — v1.0,ARABIC_NAME_PENDING_REVIEW,ARABIC_NAME_PENDING_REVIEW,PRESENT IN CURRENT OWNER FILE,ON OFFICIAL MENU MV-2026-10-01,DRAFT — READY FOR MENU IA,NONE,,,,UNKNOWN,UNKNOWN,ONE SIZE ONLY (D-118),false (D-119),DESCRIPTION MISSING,MISSING,,,2026-10-01,2026-10-01
PRD-00147,FROZEN,CAT-006,OWNER-OFFICIAL-MENU-2026-10-01.xlsx,dfde223f219443454872e81ae64a1e8d4c55e486fe52a29f87ca1682979c8d97,Sheet1,154,147,Sheet1!R154 (#147),MV-2026-10-01,FRAPPE,FRAPE SNICKERS,فرابيه سنيكرز,3.50,FRAPPE SNICKERS,APPROVED — CORRECTED,G2 D-126,,SOURCE-PROVIDED — PENDING OWNER REVIEW (D-091),,,FRAPPE SNICKERS,ALL_CAPS (D-131),,3500,JOD,true,2026-10-01,,APPROVED — v1.0,ARABIC_NAME_PENDING_REVIEW,ARABIC_NAME_PENDING_REVIEW,PRESENT IN CURRENT OWNER FILE,ON OFFICIAL MENU MV-2026-10-01,DRAFT — READY FOR MENU IA,NONE,,,,UNKNOWN,UNKNOWN,ONE SIZE ONLY (D-118),false (D-119),DESCRIPTION MISSING,MISSING,,,2026-10-01,2026-10-01
PRD-00148,FROZEN,CAT-006,OWNER-OFFICIAL-MENU-2026-10-01.xlsx,dfde223f219443454872e81ae64a1e8d4c55e486fe52a29f87ca1682979c8d97,Sheet1,155,148,Sheet1!R155 (#148),MV-2026-10-01,FRAPPE,FRAPE LOTUS,فرابيه لوتس,3.50,FRAPPE LOTUS,APPROVED — CORRECTED,G2 D-126,,SOURCE-PROVIDED — PENDING OWNER REVIEW (D-091),,,FRAPPE LOTUS,ALL_CAPS (D-131),,3500,JOD,true,2026-10-01,,APPROVED — v1.0,ARABIC_NAME_PENDING_REVIEW,ARABIC_NAME_PENDING_REVIEW,PRESENT IN CURRENT OWNER FILE,ON OFFICIAL MENU MV-2026-10-01,DRAFT — READY FOR MENU IA,NONE,,,,UNKNOWN,UNKNOWN,ONE SIZE ONLY (D-118),false (D-119),DESCRIPTION MISSING,MISSING,,,2026-10-01,2026-10-01
PRD-00149,FROZEN,CAT-006,OWNER-OFFICIAL-MENU-2026-10-01.xlsx,dfde223f219443454872e81ae64a1e8d4c55e486fe52a29f87ca1682979c8d97,Sheet1,156,149,Sheet1!R156 (#149),MV-2026-10-01,FRAPPE,FRAPE SALTED CARAMEL,فرابيه سولتد كراميل,3.50,FRAPPE SALTED CARAMEL,APPROVED — CORRECTED,G2 D-126,,SOURCE-PROVIDED — PENDING OWNER REVIEW (D-091),,,FRAPPE SALTED CARAMEL,ALL_CAPS (D-131),,3500,JOD,true,2026-10-01,,APPROVED — v1.0,ARABIC_NAME_PENDING_REVIEW,ARABIC_NAME_PENDING_REVIEW,PRESENT IN CURRENT OWNER FILE,ON OFFICIAL MENU MV-2026-10-01,DRAFT — READY FOR MENU IA,NONE,,,,UNKNOWN,UNKNOWN,ONE SIZE ONLY (D-118),false (D-119),DESCRIPTION MISSING,MISSING,,,2026-10-01,2026-10-01
PRD-00150,FROZEN,CAT-007,OWNER-OFFICIAL-MENU-2026-10-01.xlsx,dfde223f219443454872e81ae64a1e8d4c55e486fe52a29f87ca1682979c8d97,Sheet1,158,152,Sheet1!R158 (#152),MV-2026-10-01,TEA,TEA ROYAL BREAKFAST,شاي رويال بريكفاست,2.00,TEA ROYAL BREAKFAST,APPROVED — OFFICIAL SOURCE AS IS (D-089),,,SOURCE-PROVIDED — PENDING OWNER REVIEW (D-091),,,TEA ROYAL BREAKFAST,ALL_CAPS (D-131),,2000,JOD,true,2026-10-01,,APPROVED — v1.0,ARABIC_NAME_PENDING_REVIEW,ARABIC_NAME_PENDING_REVIEW,PRESENT IN CURRENT OWNER FILE,ON OFFICIAL MENU MV-2026-10-01,DRAFT — READY FOR MENU IA,NONE,,,,UNKNOWN,UNKNOWN,ONE SIZE ONLY (D-118),false (D-119),DESCRIPTION MISSING,MISSING,,,2026-10-01,2026-10-01
PRD-00151,FROZEN,CAT-007,OWNER-OFFICIAL-MENU-2026-10-01.xlsx,dfde223f219443454872e81ae64a1e8d4c55e486fe52a29f87ca1682979c8d97,Sheet1,159,153,Sheet1!R159 (#153),MV-2026-10-01,TEA,TEA EARLY GRAY,شاي إيرل غراي,2.00,TEA EARL GREY,APPROVED — CORRECTED,G1 D-126,,SOURCE-PROVIDED — PENDING OWNER REVIEW (D-091),,,TEA EARL GREY,ALL_CAPS (D-131),,2000,JOD,true,2026-10-01,,APPROVED — v1.0,ARABIC_NAME_PENDING_REVIEW,ARABIC_NAME_PENDING_REVIEW,PRESENT IN CURRENT OWNER FILE,ON OFFICIAL MENU MV-2026-10-01,DRAFT — READY FOR MENU IA,NONE,,,,UNKNOWN,UNKNOWN,ONE SIZE ONLY (D-118),false (D-119),DESCRIPTION MISSING,MISSING,,,2026-10-01,2026-10-01
PRD-00152,FROZEN,CAT-007,OWNER-OFFICIAL-MENU-2026-10-01.xlsx,dfde223f219443454872e81ae64a1e8d4c55e486fe52a29f87ca1682979c8d97,Sheet1,160,154,Sheet1!R160 (#154),MV-2026-10-01,TEA,TEA MASALA,شاي ماسالا,2.00,TEA MASALA,APPROVED — OFFICIAL SOURCE AS IS (D-089),,,SOURCE-PROVIDED — PENDING OWNER REVIEW (D-091),,,TEA MASALA,ALL_CAPS (D-131),,2000,JOD,true,2026-10-01,,APPROVED — v1.0,ARABIC_NAME_PENDING_REVIEW,ARABIC_NAME_PENDING_REVIEW,PRESENT IN CURRENT OWNER FILE,ON OFFICIAL MENU MV-2026-10-01,DRAFT — READY FOR MENU IA,NONE,,,,UNKNOWN,UNKNOWN,ONE SIZE ONLY (D-118),false (D-119),DESCRIPTION MISSING,MISSING,,,2026-10-01,2026-10-01
PRD-00153,FROZEN,CAT-007,OWNER-OFFICIAL-MENU-2026-10-01.xlsx,dfde223f219443454872e81ae64a1e8d4c55e486fe52a29f87ca1682979c8d97,Sheet1,161,155,Sheet1!R161 (#155),MV-2026-10-01,TEA,TEA GREEN TEA CURLS,شاي أخضر كيرلز,2.00,TEA GREEN TEA CURLS,APPROVED — OFFICIAL SOURCE AS IS (D-089),,,SOURCE-PROVIDED — PENDING OWNER REVIEW (D-091),,,TEA GREEN TEA CURLS,ALL_CAPS (D-131),,2000,JOD,true,2026-10-01,,APPROVED — v1.0,ARABIC_NAME_PENDING_REVIEW,ARABIC_NAME_PENDING_REVIEW,PRESENT IN CURRENT OWNER FILE,ON OFFICIAL MENU MV-2026-10-01,DRAFT — READY FOR MENU IA,NONE,,,,UNKNOWN,UNKNOWN,ONE SIZE ONLY (D-118),false (D-119),DESCRIPTION MISSING,MISSING,,,2026-10-01,2026-10-01
PRD-00154,FROZEN,CAT-007,OWNER-OFFICIAL-MENU-2026-10-01.xlsx,dfde223f219443454872e81ae64a1e8d4c55e486fe52a29f87ca1682979c8d97,Sheet1,162,156,Sheet1!R162 (#156),MV-2026-10-01,TEA,TEA HAPPY FOREST,شاي هابي فورست,2.00,TEA HAPPY FOREST,APPROVED — OFFICIAL SOURCE AS IS (D-089),,,SOURCE-PROVIDED — PENDING OWNER REVIEW (D-091),,,TEA HAPPY FOREST,ALL_CAPS (D-131),,2000,JOD,true,2026-10-01,,APPROVED — v1.0,ARABIC_NAME_PENDING_REVIEW,ARABIC_NAME_PENDING_REVIEW,PRESENT IN CURRENT OWNER FILE,ON OFFICIAL MENU MV-2026-10-01,DRAFT — READY FOR MENU IA,NONE,,,,UNKNOWN,UNKNOWN,ONE SIZE ONLY (D-118),false (D-119),DESCRIPTION MISSING,MISSING,,,2026-10-01,2026-10-01
PRD-00155,FROZEN,CAT-007,OWNER-OFFICIAL-MENU-2026-10-01.xlsx,dfde223f219443454872e81ae64a1e8d4c55e486fe52a29f87ca1682979c8d97,Sheet1,163,157,Sheet1!R163 (#157),MV-2026-10-01,TEA,TEA ROSA,شاي روزا,2.00,TEA ROSA,APPROVED — OFFICIAL SOURCE AS IS (D-089),,,SOURCE-PROVIDED — PENDING OWNER REVIEW (D-091),,,TEA ROSA,ALL_CAPS (D-131),,2000,JOD,true,2026-10-01,,APPROVED — v1.0,ARABIC_NAME_PENDING_REVIEW,ARABIC_NAME_PENDING_REVIEW,PRESENT IN CURRENT OWNER FILE,ON OFFICIAL MENU MV-2026-10-01,DRAFT — READY FOR MENU IA,NONE,,,,UNKNOWN,UNKNOWN,ONE SIZE ONLY (D-118),false (D-119),DESCRIPTION MISSING,MISSING,,,2026-10-01,2026-10-01
PRD-00156,FROZEN,CAT-007,OWNER-OFFICIAL-MENU-2026-10-01.xlsx,dfde223f219443454872e81ae64a1e8d4c55e486fe52a29f87ca1682979c8d97,Sheet1,164,158,Sheet1!R164 (#158),MV-2026-10-01,TEA,TEA MOROCCAN NIGHTS,شاي ليالي مغربية,2.00,TEA MOROCCAN NIGHTS,APPROVED — OFFICIAL SOURCE AS IS (D-089),,,SOURCE-PROVIDED — PENDING OWNER REVIEW (D-091),,,TEA MOROCCAN NIGHTS,ALL_CAPS (D-131),,2000,JOD,true,2026-10-01,,APPROVED — v1.0,ARABIC_NAME_PENDING_REVIEW,ARABIC_NAME_PENDING_REVIEW,PRESENT IN CURRENT OWNER FILE,ON OFFICIAL MENU MV-2026-10-01,DRAFT — READY FOR MENU IA,NONE,,,,UNKNOWN,UNKNOWN,ONE SIZE ONLY (D-118),false (D-119),DESCRIPTION MISSING,MISSING,,,2026-10-01,2026-10-01
PRD-00157,FROZEN,CAT-007,OWNER-OFFICIAL-MENU-2026-10-01.xlsx,dfde223f219443454872e81ae64a1e8d4c55e486fe52a29f87ca1682979c8d97,Sheet1,165,159,Sheet1!R165 (#159),MV-2026-10-01,TEA,TEA GINGER ZEST,شاي زنجبيل زست,2.00,TEA GINGER ZEST,APPROVED — OFFICIAL SOURCE AS IS (D-089),,,SOURCE-PROVIDED — PENDING OWNER REVIEW (D-091),,,TEA GINGER ZEST,ALL_CAPS (D-131),,2000,JOD,true,2026-10-01,,APPROVED — v1.0,ARABIC_NAME_PENDING_REVIEW,ARABIC_NAME_PENDING_REVIEW,PRESENT IN CURRENT OWNER FILE,ON OFFICIAL MENU MV-2026-10-01,DRAFT — READY FOR MENU IA,NONE,,,,UNKNOWN,UNKNOWN,ONE SIZE ONLY (D-118),false (D-119),DESCRIPTION MISSING,MISSING,,,2026-10-01,2026-10-01
PRD-00158,FROZEN,CAT-008,OWNER-OFFICIAL-MENU-2026-10-01.xlsx,dfde223f219443454872e81ae64a1e8d4c55e486fe52a29f87ca1682979c8d97,Sheet1,167,160,Sheet1!R167 (#160),MV-2026-10-01,SPECIALITY COFFEE,V60 COLOMBIA HUILA,V60 كولومبيا هويلا,3.50,V60 COLOMBIA HUILA,APPROVED — OFFICIAL SOURCE AS IS (D-089),,,SOURCE-PROVIDED — PENDING OWNER REVIEW (D-091),,,V60 COLOMBIA HUILA,ALL_CAPS (D-131),,3500,JOD,true,2026-10-01,,APPROVED — v1.0,ARABIC_NAME_PENDING_REVIEW,ARABIC_NAME_PENDING_REVIEW,PRESENT IN CURRENT OWNER FILE,ON OFFICIAL MENU MV-2026-10-01,DRAFT — READY FOR MENU IA,NONE,,,,UNKNOWN,UNKNOWN,ONE SIZE ONLY (D-118),false (D-119),DESCRIPTION MISSING,MISSING,,,2026-10-01,2026-10-01
PRD-00159,FROZEN,CAT-008,OWNER-OFFICIAL-MENU-2026-10-01.xlsx,dfde223f219443454872e81ae64a1e8d4c55e486fe52a29f87ca1682979c8d97,Sheet1,168,161,Sheet1!R168 (#161),MV-2026-10-01,SPECIALITY COFFEE,V60 HONDURAS LAS,V60 هندوراس لاس,3.50,V60 HONDURAS LAS,APPROVED — OFFICIAL SOURCE AS IS (D-089),,,SOURCE-PROVIDED — PENDING OWNER REVIEW (D-091),,,V60 HONDURAS LAS,ALL_CAPS (D-131),,3500,JOD,true,2026-10-01,,APPROVED — v1.0,NAME_MEANING_OWNER_VERIFICATION,NAME_MEANING_OWNER_VERIFICATION (MQ-12) · ARABIC_NAME_PENDING_REVIEW,PRESENT IN CURRENT OWNER FILE,ON OFFICIAL MENU MV-2026-10-01,DRAFT — READY FOR MENU IA,NONE,,,,UNKNOWN,UNKNOWN,ONE SIZE ONLY (D-118),false (D-119),DESCRIPTION MISSING,MISSING,,,2026-10-01,2026-10-01
PRD-00160,FROZEN,CAT-008,OWNER-OFFICIAL-MENU-2026-10-01.xlsx,dfde223f219443454872e81ae64a1e8d4c55e486fe52a29f87ca1682979c8d97,Sheet1,169,162,Sheet1!R169 (#162),MV-2026-10-01,SPECIALITY COFFEE,V60 INDONESIA,V60 إندونيسيا,3.50,V60 INDONESIA,APPROVED — OFFICIAL SOURCE AS IS (D-089),,,SOURCE-PROVIDED — PENDING OWNER REVIEW (D-091),,,V60 INDONESIA,ALL_CAPS (D-131),,3500,JOD,true,2026-10-01,,APPROVED — v1.0,ARABIC_NAME_PENDING_REVIEW,ARABIC_NAME_PENDING_REVIEW,PRESENT IN CURRENT OWNER FILE,ON OFFICIAL MENU MV-2026-10-01,DRAFT — READY FOR MENU IA,NONE,,,,UNKNOWN,UNKNOWN,ONE SIZE ONLY (D-118),false (D-119),DESCRIPTION MISSING,MISSING,,,2026-10-01,2026-10-01
PRD-00161,FROZEN,CAT-008,OWNER-OFFICIAL-MENU-2026-10-01.xlsx,dfde223f219443454872e81ae64a1e8d4c55e486fe52a29f87ca1682979c8d97,Sheet1,170,163,Sheet1!R170 (#163),MV-2026-10-01,SPECIALITY COFFEE,V60 PERU CAJAMARCA,V60 بيرو كاخاماركا,3.50,V60 PERU CAJAMARCA,APPROVED — OFFICIAL SOURCE AS IS (D-089),,,SOURCE-PROVIDED — PENDING OWNER REVIEW (D-091),,,V60 PERU CAJAMARCA,ALL_CAPS (D-131),,3500,JOD,true,2026-10-01,,APPROVED — v1.0,ARABIC_NAME_PENDING_REVIEW,ARABIC_NAME_PENDING_REVIEW,PRESENT IN CURRENT OWNER FILE,ON OFFICIAL MENU MV-2026-10-01,DRAFT — READY FOR MENU IA,NONE,,,,UNKNOWN,UNKNOWN,ONE SIZE ONLY (D-118),false (D-119),DESCRIPTION MISSING,MISSING,,,2026-10-01,2026-10-01
PRD-00162,FROZEN,CAT-009,OWNER-OFFICIAL-MENU-2026-10-01.xlsx,dfde223f219443454872e81ae64a1e8d4c55e486fe52a29f87ca1682979c8d97,Sheet1,172,260,Sheet1!R172 (#260),MV-2026-10-01,SPRING,ROZY BASIL,روزي بازل,3.50,ROZY BASIL,APPROVED — OFFICIAL SOURCE AS IS (D-089),,,SOURCE-PROVIDED — PENDING OWNER REVIEW (D-091),,,ROZY BASIL,ALL_CAPS (D-131),,3500,JOD,true,2026-10-01,,APPROVED — v1.0,NAME_MEANING_OWNER_VERIFICATION,NAME_MEANING_OWNER_VERIFICATION (MQ-12) · ARABIC_NAME_PENDING_REVIEW · SEASON_DATES_MISSING,PRESENT IN CURRENT OWNER FILE,CURRENTLY AVAILABLE (D-117),DRAFT — READY FOR MENU IA,NONE,,,,UNKNOWN,UNKNOWN,ONE SIZE ONLY (D-118),false (D-119),DESCRIPTION MISSING,MISSING,,,2026-10-01,2026-10-01
PRD-00163,FROZEN,CAT-009,OWNER-OFFICIAL-MENU-2026-10-01.xlsx,dfde223f219443454872e81ae64a1e8d4c55e486fe52a29f87ca1682979c8d97,Sheet1,173,261,Sheet1!R173 (#261),MV-2026-10-01,SPRING,RED LEMONADE,ريد ليموناضة,3.50,RED LEMONADE,APPROVED — OFFICIAL SOURCE AS IS (D-089),,,SOURCE-PROVIDED — PENDING OWNER REVIEW (D-091),,,RED LEMONADE,ALL_CAPS (D-131),,3500,JOD,true,2026-10-01,,APPROVED — v1.0,ARABIC_NAME_PENDING_REVIEW,ARABIC_NAME_PENDING_REVIEW · SEASON_DATES_MISSING,PRESENT IN CURRENT OWNER FILE,CURRENTLY AVAILABLE (D-117),DRAFT — READY FOR MENU IA,NONE,,,,UNKNOWN,UNKNOWN,ONE SIZE ONLY (D-118),false (D-119),DESCRIPTION MISSING,MISSING,,,2026-10-01,2026-10-01
PRD-00164,FROZEN,CAT-009,OWNER-OFFICIAL-MENU-2026-10-01.xlsx,dfde223f219443454872e81ae64a1e8d4c55e486fe52a29f87ca1682979c8d97,Sheet1,174,262,Sheet1!R174 (#262),MV-2026-10-01,SPRING,MANGO SUNRISE SHAKE,مانجو سن رايز شيك,3.75,MANGO SUNRISE SHAKE,APPROVED — OFFICIAL SOURCE AS IS (D-089),,,SOURCE-PROVIDED — PENDING OWNER REVIEW (D-091),,,MANGO SUNRISE SHAKE,ALL_CAPS (D-131),,3750,JOD,true,2026-10-01,,APPROVED — v1.0,ARABIC_NAME_PENDING_REVIEW,ARABIC_NAME_PENDING_REVIEW · SEASON_DATES_MISSING,PRESENT IN CURRENT OWNER FILE,CURRENTLY AVAILABLE (D-117),DRAFT — READY FOR MENU IA,NONE,,,,UNKNOWN,UNKNOWN,ONE SIZE ONLY (D-118),false (D-119),DESCRIPTION MISSING,MISSING,,,2026-10-01,2026-10-01
PRD-00165,FROZEN,CAT-009,OWNER-OFFICIAL-MENU-2026-10-01.xlsx,dfde223f219443454872e81ae64a1e8d4c55e486fe52a29f87ca1682979c8d97,Sheet1,175,263,Sheet1!R175 (#263),MV-2026-10-01,SPRING,PEACH LEMONADE,بيتش ليموناضة,3.50,PEACH LEMONADE,APPROVED — OFFICIAL SOURCE AS IS (D-089),,,SOURCE-PROVIDED — PENDING OWNER REVIEW (D-091),,,PEACH LEMONADE,ALL_CAPS (D-131),,3500,JOD,true,2026-10-01,,APPROVED — v1.0,ARABIC_NAME_PENDING_REVIEW,ARABIC_NAME_PENDING_REVIEW · SEASON_DATES_MISSING,PRESENT IN CURRENT OWNER FILE,CURRENTLY AVAILABLE (D-117),DRAFT — READY FOR MENU IA,NONE,,,,UNKNOWN,UNKNOWN,ONE SIZE ONLY (D-118),false (D-119),DESCRIPTION MISSING,MISSING,,,2026-10-01,2026-10-01
PRD-00166,FROZEN,CAT-009,OWNER-OFFICIAL-MENU-2026-10-01.xlsx,dfde223f219443454872e81ae64a1e8d4c55e486fe52a29f87ca1682979c8d97,Sheet1,176,264,Sheet1!R176 (#264),MV-2026-10-01,SPRING,GREEN MIX,غرين مكس,3.50,GREEN MIX,APPROVED — OFFICIAL SOURCE AS IS (D-089),,,SOURCE-PROVIDED — PENDING OWNER REVIEW (D-091),,,GREEN MIX,ALL_CAPS (D-131),,3500,JOD,true,2026-10-01,,APPROVED — v1.0,ARABIC_NAME_PENDING_REVIEW,ARABIC_NAME_PENDING_REVIEW · SEASON_DATES_MISSING,PRESENT IN CURRENT OWNER FILE,CURRENTLY AVAILABLE (D-117),DRAFT — READY FOR MENU IA,NONE,,,,UNKNOWN,UNKNOWN,ONE SIZE ONLY (D-118),false (D-119),DESCRIPTION MISSING,MISSING,,,2026-10-01,2026-10-01
PRD-00167,FROZEN,CAT-010,OWNER-OFFICIAL-MENU-2026-10-01.xlsx,dfde223f219443454872e81ae64a1e8d4c55e486fe52a29f87ca1682979c8d97,Sheet2,2,1,Sheet2!R2 (#1),MV-2026-10-01,CAKE,ENGLISH CAKE FRUIT,,1.00,ENGLISH CAKE FRUIT,APPROVED — OFFICIAL SOURCE AS IS (D-089),,إنجلش كيك فواكه,APPROVED — NEW NAME,G9 D-132,,ENGLISH CAKE FRUIT,ALL_CAPS (D-131),إنجلش كيك فواكه,1000,JOD,true,2026-10-01,,APPROVED — v1.0,CLEAN,,PRESENT IN CURRENT OWNER FILE,ON OFFICIAL MENU MV-2026-10-01,DRAFT — READY FOR MENU IA,NONE,,,,UNKNOWN,UNKNOWN,UNCONFIRMED — desserts (MQ-16),false (D-119),DESCRIPTION MISSING,MISSING,,,2026-10-01,2026-10-01
PRD-00168,FROZEN,CAT-010,OWNER-OFFICIAL-MENU-2026-10-01.xlsx,dfde223f219443454872e81ae64a1e8d4c55e486fe52a29f87ca1682979c8d97,Sheet2,3,2,Sheet2!R3 (#2),MV-2026-10-01,CAKE,ENGLISH CAKE CHOCOLATE,,1.00,ENGLISH CAKE CHOCOLATE,APPROVED — OFFICIAL SOURCE AS IS (D-089),,إنجلش كيك شوكليت,APPROVED — NEW NAME,G9 D-132,,ENGLISH CAKE CHOCOLATE,ALL_CAPS (D-131),إنجلش كيك شوكليت,1000,JOD,true,2026-10-01,,APPROVED — v1.0,CLEAN,,PRESENT IN CURRENT OWNER FILE,ON OFFICIAL MENU MV-2026-10-01,DRAFT — READY FOR MENU IA,NONE,,,,UNKNOWN,UNKNOWN,UNCONFIRMED — desserts (MQ-16),false (D-119),DESCRIPTION MISSING,MISSING,,,2026-10-01,2026-10-01
PRD-00169,FROZEN,CAT-010,OWNER-OFFICIAL-MENU-2026-10-01.xlsx,dfde223f219443454872e81ae64a1e8d4c55e486fe52a29f87ca1682979c8d97,Sheet2,4,3,Sheet2!R4 (#3),MV-2026-10-01,CAKE,COFFEE BEANS CAKE,,2.00,COFFEE BEANS CAKE,APPROVED — OFFICIAL SOURCE AS IS (D-089),,كوفي بينز كيك,APPROVED — NEW NAME,G9 D-132,,COFFEE BEANS CAKE,ALL_CAPS (D-131),كوفي بينز كيك,2000,JOD,true,2026-10-01,,APPROVED — v1.0,CLEAN,,PRESENT IN CURRENT OWNER FILE,ON OFFICIAL MENU MV-2026-10-01,DRAFT — READY FOR MENU IA,NONE,,,,UNKNOWN,UNKNOWN,UNCONFIRMED — desserts (MQ-16),false (D-119),DESCRIPTION MISSING,MISSING,,,2026-10-01,2026-10-01
PRD-00170,FROZEN,CAT-010,OWNER-OFFICIAL-MENU-2026-10-01.xlsx,dfde223f219443454872e81ae64a1e8d4c55e486fe52a29f87ca1682979c8d97,Sheet2,5,4,Sheet2!R5 (#4),MV-2026-10-01,CAKE,LAZY CAKE,,2.00,LAZY CAKE,APPROVED — OFFICIAL SOURCE AS IS (D-089),,ليزي كيك,APPROVED — NEW NAME,G9 D-132,,LAZY CAKE,ALL_CAPS (D-131),ليزي كيك,2000,JOD,true,2026-10-01,,APPROVED — v1.0,CLEAN,,PRESENT IN CURRENT OWNER FILE,ON OFFICIAL MENU MV-2026-10-01,DRAFT — READY FOR MENU IA,NONE,,,,UNKNOWN,UNKNOWN,UNCONFIRMED — desserts (MQ-16),false (D-119),DESCRIPTION MISSING,MISSING,,,2026-10-01,2026-10-01
PRD-00171,FROZEN,CAT-010,OWNER-OFFICIAL-MENU-2026-10-01.xlsx,dfde223f219443454872e81ae64a1e8d4c55e486fe52a29f87ca1682979c8d97,Sheet2,6,5,Sheet2!R6 (#5),MV-2026-10-01,CAKE,TIRAMISU,,3.00,TIRAMISU,APPROVED — OFFICIAL SOURCE AS IS (D-089),,تيراميسو,APPROVED — NEW NAME,G9 D-132,,TIRAMISU,ALL_CAPS (D-131),تيراميسو,3000,JOD,true,2026-10-01,,APPROVED — v1.0,CLEAN,,PRESENT IN CURRENT OWNER FILE,ON OFFICIAL MENU MV-2026-10-01,DRAFT — READY FOR MENU IA,NONE,,,,UNKNOWN,UNKNOWN,UNCONFIRMED — desserts (MQ-16),false (D-119),DESCRIPTION MISSING,MISSING,,,2026-10-01,2026-10-01
PRD-00172,FROZEN,CAT-010,OWNER-OFFICIAL-MENU-2026-10-01.xlsx,dfde223f219443454872e81ae64a1e8d4c55e486fe52a29f87ca1682979c8d97,Sheet2,7,6,Sheet2!R7 (#6),MV-2026-10-01,CAKE,HAZELNUT CAKE,,3.00,HAZELNUT CAKE,APPROVED — OFFICIAL SOURCE AS IS (D-089),,هازلنت كيك,APPROVED — NEW NAME,G9 D-132,,HAZELNUT CAKE,ALL_CAPS (D-131),هازلنت كيك,3000,JOD,true,2026-10-01,,APPROVED — v1.0,CLEAN,,PRESENT IN CURRENT OWNER FILE,ON OFFICIAL MENU MV-2026-10-01,DRAFT — READY FOR MENU IA,NONE,,,,UNKNOWN,UNKNOWN,UNCONFIRMED — desserts (MQ-16),false (D-119),DESCRIPTION MISSING,MISSING,,,2026-10-01,2026-10-01
PRD-00173,FROZEN,CAT-010,OWNER-OFFICIAL-MENU-2026-10-01.xlsx,dfde223f219443454872e81ae64a1e8d4c55e486fe52a29f87ca1682979c8d97,Sheet2,8,7,Sheet2!R8 (#7),MV-2026-10-01,CAKE,DUBAI CHOCO MOUSSE,,3.00,DUBAI CHOCO MOUSSE,APPROVED — OFFICIAL SOURCE AS IS (D-089),,دبي شوكو موس,APPROVED — NEW NAME,G9 D-132,,DUBAI CHOCO MOUSSE,ALL_CAPS (D-131),دبي شوكو موس,3000,JOD,true,2026-10-01,,APPROVED — v1.0,CLEAN,,PRESENT IN CURRENT OWNER FILE,ON OFFICIAL MENU MV-2026-10-01,DRAFT — READY FOR MENU IA,NONE,,,,UNKNOWN,UNKNOWN,UNCONFIRMED — desserts (MQ-16),false (D-119),DESCRIPTION MISSING,MISSING,,,2026-10-01,2026-10-01
PRD-00174,FROZEN,CAT-010,OWNER-OFFICIAL-MENU-2026-10-01.xlsx,dfde223f219443454872e81ae64a1e8d4c55e486fe52a29f87ca1682979c8d97,Sheet2,9,8,Sheet2!R9 (#8),MV-2026-10-01,CAKE,CHEESE CAKE STRAWBERRY,,3.00,STRAWBERRY CHEESECAKE,APPROVED — CORRECTED,G5 D-126,تشيز كيك فراولة,APPROVED — NEW NAME,G9 D-132,,STRAWBERRY CHEESECAKE,ALL_CAPS (D-131),تشيز كيك فراولة,3000,JOD,true,2026-10-01,,APPROVED — v1.0,CLEAN,,PRESENT IN CURRENT OWNER FILE,ON OFFICIAL MENU MV-2026-10-01,DRAFT — READY FOR MENU IA,NONE,,,,UNKNOWN,UNKNOWN,UNCONFIRMED — desserts (MQ-16),false (D-119),DESCRIPTION MISSING,MISSING,,,2026-10-01,2026-10-01
PRD-00175,FROZEN,CAT-010,OWNER-OFFICIAL-MENU-2026-10-01.xlsx,dfde223f219443454872e81ae64a1e8d4c55e486fe52a29f87ca1682979c8d97,Sheet2,10,9,Sheet2!R10 (#9),MV-2026-10-01,CAKE,CRUNCHOCO CAKE,,3.00,CRUNCHOCO CAKE,APPROVED — OFFICIAL SOURCE AS IS (D-089),,كرانشوكو كيك,APPROVED — NEW NAME,G9 D-132,,CRUNCHOCO CAKE,ALL_CAPS (D-131),كرانشوكو كيك,3000,JOD,true,2026-10-01,,APPROVED — v1.0,CLEAN,,PRESENT IN CURRENT OWNER FILE,ON OFFICIAL MENU MV-2026-10-01,DRAFT — READY FOR MENU IA,NONE,,,,UNKNOWN,UNKNOWN,UNCONFIRMED — desserts (MQ-16),false (D-119),DESCRIPTION MISSING,MISSING,,,2026-10-01,2026-10-01
PRD-00176,FROZEN,CAT-010,OWNER-OFFICIAL-MENU-2026-10-01.xlsx,dfde223f219443454872e81ae64a1e8d4c55e486fe52a29f87ca1682979c8d97,Sheet2,11,10,Sheet2!R11 (#10),MV-2026-10-01,CAKE,CHEESE CAKE BLUEBERRY,,3.00,BLUEBERRY CHEESECAKE,APPROVED — CORRECTED,G5 D-126,تشيز كيك بلوبيري,APPROVED — NEW NAME,G9 D-132,,BLUEBERRY CHEESECAKE,ALL_CAPS (D-131),تشيز كيك بلوبيري,3000,JOD,true,2026-10-01,,APPROVED — v1.0,CLEAN,,PRESENT IN CURRENT OWNER FILE,ON OFFICIAL MENU MV-2026-10-01,DRAFT — READY FOR MENU IA,NONE,,,,UNKNOWN,UNKNOWN,UNCONFIRMED — desserts (MQ-16),false (D-119),DESCRIPTION MISSING,MISSING,,,2026-10-01,2026-10-01
PRD-00177,FROZEN,CAT-010,OWNER-OFFICIAL-MENU-2026-10-01.xlsx,dfde223f219443454872e81ae64a1e8d4c55e486fe52a29f87ca1682979c8d97,Sheet2,12,11,Sheet2!R12 (#11),MV-2026-10-01,CAKE,CARROT CAKE,,3.50,CARROT CAKE,APPROVED — OFFICIAL SOURCE AS IS (D-089),,كيكة الجزر,APPROVED — NEW NAME,G9 D-132,,CARROT CAKE,ALL_CAPS (D-131),كيكة الجزر,3500,JOD,true,2026-10-01,,APPROVED — v1.0,CLEAN,,PRESENT IN CURRENT OWNER FILE,ON OFFICIAL MENU MV-2026-10-01,DRAFT — READY FOR MENU IA,NONE,,,,UNKNOWN,UNKNOWN,UNCONFIRMED — desserts (MQ-16),false (D-119),DESCRIPTION MISSING,MISSING,,,2026-10-01,2026-10-01
PRD-00178,FROZEN,CAT-010,OWNER-OFFICIAL-MENU-2026-10-01.xlsx,dfde223f219443454872e81ae64a1e8d4c55e486fe52a29f87ca1682979c8d97,Sheet2,13,12,Sheet2!R13 (#12),MV-2026-10-01,CAKE,SAN SEBASTIAN,,3.50,SAN SEBASTIAN,APPROVED — OFFICIAL SOURCE AS IS (D-089),,سان سيباستيان,APPROVED — NEW NAME,G9 D-132,,SAN SEBASTIAN,ALL_CAPS (D-131),سان سيباستيان,3500,JOD,true,2026-10-01,,APPROVED — v1.0,CLEAN,,PRESENT IN CURRENT OWNER FILE,ON OFFICIAL MENU MV-2026-10-01,DRAFT — READY FOR MENU IA,NONE,,,,UNKNOWN,UNKNOWN,UNCONFIRMED — desserts (MQ-16),false (D-119),DESCRIPTION MISSING,MISSING,,,2026-10-01,2026-10-01
PRD-00179,FROZEN,CAT-010,OWNER-OFFICIAL-MENU-2026-10-01.xlsx,dfde223f219443454872e81ae64a1e8d4c55e486fe52a29f87ca1682979c8d97,Sheet2,14,13,Sheet2!R14 (#13),MV-2026-10-01,CAKE,GERMAN CHOCLATE,,3.50,GERMAN CHOCOLATE,APPROVED — CORRECTED,G1 D-126,جيرمان شوكليت,APPROVED — NEW NAME,G9 D-132,,GERMAN CHOCOLATE,ALL_CAPS (D-131),جيرمان شوكليت,3500,JOD,true,2026-10-01,,APPROVED — v1.0,CLEAN,,PRESENT IN CURRENT OWNER FILE,ON OFFICIAL MENU MV-2026-10-01,DRAFT — READY FOR MENU IA,NONE,,,,UNKNOWN,UNKNOWN,UNCONFIRMED — desserts (MQ-16),false (D-119),DESCRIPTION MISSING,MISSING,,,2026-10-01,2026-10-01
PRD-00180,FROZEN,CAT-010,OWNER-OFFICIAL-MENU-2026-10-01.xlsx,dfde223f219443454872e81ae64a1e8d4c55e486fe52a29f87ca1682979c8d97,Sheet2,15,14,Sheet2!R15 (#14),MV-2026-10-01,CAKE,CROCANTE CAKE,,3.50,CROCCANTE CAKE,APPROVED — CORRECTED,G5 D-126,كروكانتي كيك,APPROVED — NEW NAME,G9 D-132,,CROCCANTE CAKE,ALL_CAPS (D-131),كروكانتي كيك,3500,JOD,true,2026-10-01,,APPROVED — v1.0,CLEAN,,PRESENT IN CURRENT OWNER FILE,ON OFFICIAL MENU MV-2026-10-01,DRAFT — READY FOR MENU IA,NONE,,,,UNKNOWN,UNKNOWN,UNCONFIRMED — desserts (MQ-16),false (D-119),DESCRIPTION MISSING,MISSING,,,2026-10-01,2026-10-01
PRD-00181,FROZEN,CAT-010,OWNER-OFFICIAL-MENU-2026-10-01.xlsx,dfde223f219443454872e81ae64a1e8d4c55e486fe52a29f87ca1682979c8d97,Sheet2,16,15,Sheet2!R16 (#15),MV-2026-10-01,CAKE,RED VALVET CAKE,,3.50,RED VELVET CAKE,APPROVED — CORRECTED,G1 D-126,ريد فيلفيت كيك,APPROVED — NEW NAME,G9 D-132,,RED VELVET CAKE,ALL_CAPS (D-131),ريد فيلفيت كيك,3500,JOD,true,2026-10-01,,APPROVED — v1.0,CLEAN,,PRESENT IN CURRENT OWNER FILE,ON OFFICIAL MENU MV-2026-10-01,DRAFT — READY FOR MENU IA,NONE,,,,UNKNOWN,UNKNOWN,UNCONFIRMED — desserts (MQ-16),false (D-119),DESCRIPTION MISSING,MISSING,,,2026-10-01,2026-10-01
PRD-00182,FROZEN,CAT-010,OWNER-OFFICIAL-MENU-2026-10-01.xlsx,dfde223f219443454872e81ae64a1e8d4c55e486fe52a29f87ca1682979c8d97,Sheet2,17,16,Sheet2!R17 (#16),MV-2026-10-01,CAKE,HONEY CAKE,,3.50,HONEY CAKE,APPROVED — OFFICIAL SOURCE AS IS (D-089),,هاني كيك,APPROVED — NEW NAME,G9 D-132,,HONEY CAKE,ALL_CAPS (D-131),هاني كيك,3500,JOD,true,2026-10-01,,APPROVED — v1.0,CLEAN,,PRESENT IN CURRENT OWNER FILE,ON OFFICIAL MENU MV-2026-10-01,DRAFT — READY FOR MENU IA,NONE,,,,UNKNOWN,UNKNOWN,UNCONFIRMED — desserts (MQ-16),false (D-119),DESCRIPTION MISSING,MISSING,,,2026-10-01,2026-10-01
PRD-00183,FROZEN,CAT-010,OWNER-OFFICIAL-MENU-2026-10-01.xlsx,dfde223f219443454872e81ae64a1e8d4c55e486fe52a29f87ca1682979c8d97,Sheet2,18,17,Sheet2!R18 (#17),MV-2026-10-01,CAKE,MANGO CHEESECAKE,,3.50,MANGO CHEESECAKE,APPROVED — OFFICIAL SOURCE AS IS (D-089),,تشيز كيك مانجو,APPROVED — NEW NAME,G9 D-132,,MANGO CHEESECAKE,ALL_CAPS (D-131),تشيز كيك مانجو,3500,JOD,true,2026-10-01,,APPROVED — v1.0,CLEAN,,PRESENT IN CURRENT OWNER FILE,ON OFFICIAL MENU MV-2026-10-01,DRAFT — READY FOR MENU IA,NONE,,,,UNKNOWN,UNKNOWN,UNCONFIRMED — desserts (MQ-16),false (D-119),DESCRIPTION MISSING,MISSING,,,2026-10-01,2026-10-01
PRD-00184,FROZEN,CAT-010,OWNER-OFFICIAL-MENU-2026-10-01.xlsx,dfde223f219443454872e81ae64a1e8d4c55e486fe52a29f87ca1682979c8d97,Sheet2,19,18,Sheet2!R19 (#18),MV-2026-10-01,CAKE,BROWNIES,,3.50,BROWNIES,APPROVED — OFFICIAL SOURCE AS IS (D-089),,براونيز,APPROVED — NEW NAME,G9 D-132,,BROWNIES,ALL_CAPS (D-131),براونيز,3500,JOD,true,2026-10-01,,APPROVED — v1.0,CLEAN,,PRESENT IN CURRENT OWNER FILE,ON OFFICIAL MENU MV-2026-10-01,DRAFT — READY FOR MENU IA,NONE,,,,UNKNOWN,UNKNOWN,UNCONFIRMED — desserts (MQ-16),false (D-119),DESCRIPTION MISSING,MISSING,,,2026-10-01,2026-10-01
PRD-00185,FROZEN,CAT-010,OWNER-OFFICIAL-MENU-2026-10-01.xlsx,dfde223f219443454872e81ae64a1e8d4c55e486fe52a29f87ca1682979c8d97,Sheet2,20,19,Sheet2!R20 (#19),MV-2026-10-01,CAKE,PASSION FRUIT CHEESECAKE,,3.50,PASSION FRUIT CHEESECAKE,APPROVED — OFFICIAL SOURCE AS IS (D-089),,تشيز كيك باشن فروت,APPROVED — NEW NAME,G9 D-132,,PASSION FRUIT CHEESECAKE,ALL_CAPS (D-131),تشيز كيك باشن فروت,3500,JOD,true,2026-10-01,,APPROVED — v1.0,CLEAN,,PRESENT IN CURRENT OWNER FILE,ON OFFICIAL MENU MV-2026-10-01,DRAFT — READY FOR MENU IA,NONE,,,,UNKNOWN,UNKNOWN,UNCONFIRMED — desserts (MQ-16),false (D-119),DESCRIPTION MISSING,MISSING,,,2026-10-01,2026-10-01
PRD-00186,FROZEN,CAT-010,OWNER-OFFICIAL-MENU-2026-10-01.xlsx,dfde223f219443454872e81ae64a1e8d4c55e486fe52a29f87ca1682979c8d97,Sheet2,21,20,Sheet2!R21 (#20),MV-2026-10-01,CAKE,LONDON CAKE,,3.50,LONDON CAKE,APPROVED — OFFICIAL SOURCE AS IS (D-089),,لندن كيك,APPROVED — NEW NAME,G9 D-132,,LONDON CAKE,ALL_CAPS (D-131),لندن كيك,3500,JOD,true,2026-10-01,,APPROVED — v1.0,CLEAN,,PRESENT IN CURRENT OWNER FILE,ON OFFICIAL MENU MV-2026-10-01,DRAFT — READY FOR MENU IA,NONE,,,,UNKNOWN,UNKNOWN,UNCONFIRMED — desserts (MQ-16),false (D-119),DESCRIPTION MISSING,MISSING,,,2026-10-01,2026-10-01
PRD-00187,FROZEN,CAT-010,OWNER-OFFICIAL-MENU-2026-10-01.xlsx,dfde223f219443454872e81ae64a1e8d4c55e486fe52a29f87ca1682979c8d97,Sheet2,22,21,Sheet2!R22 (#21),MV-2026-10-01,CAKE,SAN SEBASTIAN BERRIES,,4.00,SAN SEBASTIAN BERRIES,APPROVED — OFFICIAL SOURCE AS IS (D-089),,سان سيباستيان بيريز,APPROVED — NEW NAME,G9 D-132,,SAN SEBASTIAN BERRIES,ALL_CAPS (D-131),سان سيباستيان بيريز,4000,JOD,true,2026-10-01,,APPROVED — v1.0,CLEAN,,PRESENT IN CURRENT OWNER FILE,ON OFFICIAL MENU MV-2026-10-01,DRAFT — READY FOR MENU IA,NONE,,,,UNKNOWN,UNKNOWN,UNCONFIRMED — desserts (MQ-16),false (D-119),DESCRIPTION MISSING,MISSING,,,2026-10-01,2026-10-01
PRD-00188,FROZEN,CAT-011,OWNER-OFFICIAL-MENU-2026-10-01.xlsx,dfde223f219443454872e81ae64a1e8d4c55e486fe52a29f87ca1682979c8d97,Sheet2,24,22,Sheet2!R24 (#22),MV-2026-10-01,COOKIES,COOCKIES CHOCOLATE,,1.00,COOKIES CHOCOLATE,APPROVED — CORRECTED,G1 D-126,كوكيز شوكليت,APPROVED — NEW NAME,G9 D-132,,COOKIES CHOCOLATE,ALL_CAPS (D-131),كوكيز شوكليت,1000,JOD,true,2026-10-01,,APPROVED — v1.0,CLEAN,,PRESENT IN CURRENT OWNER FILE,ON OFFICIAL MENU MV-2026-10-01,DRAFT — READY FOR MENU IA,NONE,,,,UNKNOWN,UNKNOWN,UNCONFIRMED — desserts (MQ-16),false (D-119),DESCRIPTION MISSING,MISSING,,,2026-10-01,2026-10-01
PRD-00189,FROZEN,CAT-011,OWNER-OFFICIAL-MENU-2026-10-01.xlsx,dfde223f219443454872e81ae64a1e8d4c55e486fe52a29f87ca1682979c8d97,Sheet2,25,23,Sheet2!R25 (#23),MV-2026-10-01,COOKIES,COOCKIES MILK CHOCOLATE,,1.00,COOKIES MILK CHOCOLATE,APPROVED — CORRECTED,G1 D-126,كوكيز ميلك شوكليت,APPROVED — NEW NAME,G9 D-132,,COOKIES MILK CHOCOLATE,ALL_CAPS (D-131),كوكيز ميلك شوكليت,1000,JOD,true,2026-10-01,,APPROVED — v1.0,CLEAN,,PRESENT IN CURRENT OWNER FILE,ON OFFICIAL MENU MV-2026-10-01,DRAFT — READY FOR MENU IA,NONE,,,,UNKNOWN,UNKNOWN,UNCONFIRMED — desserts (MQ-16),false (D-119),DESCRIPTION MISSING,MISSING,,,2026-10-01,2026-10-01
PRD-00190,FROZEN,CAT-011,OWNER-OFFICIAL-MENU-2026-10-01.xlsx,dfde223f219443454872e81ae64a1e8d4c55e486fe52a29f87ca1682979c8d97,Sheet2,26,24,Sheet2!R26 (#24),MV-2026-10-01,COOKIES,NUTELLA COOKIES,,1.50,COOKIES NUTELLA,APPROVED — CORRECTED,G5 D-126,كوكيز نوتيلا,APPROVED — NEW NAME,G9 D-132,,COOKIES NUTELLA,ALL_CAPS (D-131),كوكيز نوتيلا,1500,JOD,true,2026-10-01,,APPROVED — v1.0,CLEAN,,PRESENT IN CURRENT OWNER FILE,ON OFFICIAL MENU MV-2026-10-01,DRAFT — READY FOR MENU IA,NONE,,,,UNKNOWN,UNKNOWN,UNCONFIRMED — desserts (MQ-16),false (D-119),DESCRIPTION MISSING,MISSING,,,2026-10-01,2026-10-01
PRD-00191,FROZEN,CAT-011,OWNER-OFFICIAL-MENU-2026-10-01.xlsx,dfde223f219443454872e81ae64a1e8d4c55e486fe52a29f87ca1682979c8d97,Sheet2,27,25,Sheet2!R27 (#25),MV-2026-10-01,COOKIES,COOCKIES KINDER,,1.50,COOKIES KINDER,APPROVED — CORRECTED,G1 D-126,كوكيز كيندر,APPROVED — NEW NAME,G9 D-132,,COOKIES KINDER,ALL_CAPS (D-131),كوكيز كيندر,1500,JOD,true,2026-10-01,,APPROVED — v1.0,CLEAN,,PRESENT IN CURRENT OWNER FILE,ON OFFICIAL MENU MV-2026-10-01,DRAFT — READY FOR MENU IA,NONE,,,,UNKNOWN,UNKNOWN,UNCONFIRMED — desserts (MQ-16),false (D-119),DESCRIPTION MISSING,MISSING,,,2026-10-01,2026-10-01
PRD-00192,FROZEN,CAT-011,OWNER-OFFICIAL-MENU-2026-10-01.xlsx,dfde223f219443454872e81ae64a1e8d4c55e486fe52a29f87ca1682979c8d97,Sheet2,28,26,Sheet2!R28 (#26),MV-2026-10-01,COOKIES,COOKIES PISTACHIO,,1.50,COOKIES PISTACHIO,APPROVED — OFFICIAL SOURCE AS IS (D-089),,كوكيز فستق,APPROVED — NEW NAME,G9 D-132,,COOKIES PISTACHIO,ALL_CAPS (D-131),كوكيز فستق,1500,JOD,true,2026-10-01,,APPROVED — v1.0,CLEAN,,PRESENT IN CURRENT OWNER FILE,ON OFFICIAL MENU MV-2026-10-01,DRAFT — READY FOR MENU IA,NONE,,,,UNKNOWN,UNKNOWN,UNCONFIRMED — desserts (MQ-16),false (D-119),DESCRIPTION MISSING,MISSING,,,2026-10-01,2026-10-01
