product_id,id_status,category_id,source_file,source_sheet,source_row,source_sequence_number,source_hash,menu_version,source_lineage,source_category_name,source_name_en,source_name_ar,source_name_ar_status,source_price,price_fils,currency,tax_inclusive,valid_from,valid_to,normalized_name_en,normalized_name_ar,display_name_en,display_name_ar,suggested_correction_en,suggested_name_ar,owner_clarification,issue_codes,data_quality_status,data_quality_flags,approval_status,presence_status,sale_status,merge_status,merged_into_product_id,product_family_id,variant_group_id,availability_drive,availability_house,size_info_status,addons_on_website,description_status,image_status,pos_item_id,external_item_id,created_at,updated_at
PRD-00001,FREEZE-READY,CAT-001,OWNER-OFFICIAL-MENU-2026-10-01.xlsx,Sheet1,3,1,dfde223f219443454872e81ae64a1e8d4c55e486fe52a29f87ca1682979c8d97,MV-2026-10-01,Sheet1!R3 (#1),HOT DRINKS,TURKISH COFFEE S,قهوة تركية سادة,SOURCE-PROVIDED — PENDING OWNER REVIEW,1.50,1500,JOD,true,2026-10-01,,,,,,TURKISH COFFEE SINGLE,قهوة تركية سينجل,S = Single (D-109),TURK,SOURCE_AR_INCONSISTENT_WITH_OWNER_DECISION,SUGGESTED_CORRECTION · SOURCE_AR_INCONSISTENT_WITH_OWNER_DECISION,PENDING OWNER REVIEW,PRESENT IN CURRENT OWNER FILE,ON OFFICIAL MENU MV-2026-10-01,NONE,,,,UNKNOWN,UNKNOWN,ONE SIZE ONLY (D-118),false (D-119),DESCRIPTION MISSING,MISSING,,,2026-10-01,2026-10-01
PRD-00002,FREEZE-READY,CAT-001,OWNER-OFFICIAL-MENU-2026-10-01.xlsx,Sheet1,4,2,dfde223f219443454872e81ae64a1e8d4c55e486fe52a29f87ca1682979c8d97,MV-2026-10-01,Sheet1!R4 (#2),HOT DRINKS,TURKISH COFFEE D,قهوة تركية وسط/حلوة,SOURCE-PROVIDED — PENDING OWNER REVIEW,2.50,2500,JOD,true,2026-10-01,,,,,,TURKISH COFFEE DOUBLE,قهوة تركية دوبل,D = Double (D-109),TURK,SOURCE_AR_INCONSISTENT_WITH_OWNER_DECISION,SUGGESTED_CORRECTION · SOURCE_AR_INCONSISTENT_WITH_OWNER_DECISION,PENDING OWNER REVIEW,PRESENT IN CURRENT OWNER FILE,ON OFFICIAL MENU MV-2026-10-01,NONE,,,,UNKNOWN,UNKNOWN,ONE SIZE ONLY (D-118),false (D-119),DESCRIPTION MISSING,MISSING,,,2026-10-01,2026-10-01
PRD-00003,FREEZE-READY,CAT-001,OWNER-OFFICIAL-MENU-2026-10-01.xlsx,Sheet1,5,3,dfde223f219443454872e81ae64a1e8d4c55e486fe52a29f87ca1682979c8d97,MV-2026-10-01,Sheet1!R5 (#3),HOT DRINKS,AMERICAN COFFEE,قهوة أمريكية,SOURCE-PROVIDED — PENDING OWNER REVIEW,2.00,2000,JOD,true,2026-10-01,,,,,,,,,,NO_SOURCE_ISSUE_FOUND,,PENDING OWNER REVIEW,PRESENT IN CURRENT OWNER FILE,ON OFFICIAL MENU MV-2026-10-01,NONE,,,,UNKNOWN,UNKNOWN,ONE SIZE ONLY (D-118),false (D-119),DESCRIPTION MISSING,MISSING,,,2026-10-01,2026-10-01
PRD-00004,FREEZE-READY,CAT-001,OWNER-OFFICIAL-MENU-2026-10-01.xlsx,Sheet1,6,4,dfde223f219443454872e81ae64a1e8d4c55e486fe52a29f87ca1682979c8d97,MV-2026-10-01,Sheet1!R6 (#4),HOT DRINKS,AMERICANO,أمريكانو,SOURCE-PROVIDED — PENDING OWNER REVIEW,2.00,2000,JOD,true,2026-10-01,,,,,,,,,,NO_SOURCE_ISSUE_FOUND,,PENDING OWNER REVIEW,PRESENT IN CURRENT OWNER FILE,ON OFFICIAL MENU MV-2026-10-01,NONE,,,,UNKNOWN,UNKNOWN,ONE SIZE ONLY (D-118),false (D-119),DESCRIPTION MISSING,MISSING,,,2026-10-01,2026-10-01
PRD-00005,FREEZE-READY,CAT-001,OWNER-OFFICIAL-MENU-2026-10-01.xlsx,Sheet1,7,5,dfde223f219443454872e81ae64a1e8d4c55e486fe52a29f87ca1682979c8d97,MV-2026-10-01,Sheet1!R7 (#5),HOT DRINKS,RED EYE,ريد آي,SOURCE-PROVIDED — PENDING OWNER REVIEW,2.50,2500,JOD,true,2026-10-01,,,,,,,,,,NO_SOURCE_ISSUE_FOUND,,PENDING OWNER REVIEW,PRESENT IN CURRENT OWNER FILE,ON OFFICIAL MENU MV-2026-10-01,NONE,,,,UNKNOWN,UNKNOWN,ONE SIZE ONLY (D-118),false (D-119),DESCRIPTION MISSING,MISSING,,,2026-10-01,2026-10-01
PRD-00006,FREEZE-READY,CAT-001,OWNER-OFFICIAL-MENU-2026-10-01.xlsx,Sheet1,8,6,dfde223f219443454872e81ae64a1e8d4c55e486fe52a29f87ca1682979c8d97,MV-2026-10-01,Sheet1!R8 (#6),HOT DRINKS,BLACK EYE,بلاك آي,SOURCE-PROVIDED — PENDING OWNER REVIEW,2.75,2750,JOD,true,2026-10-01,,,,,,,,,,NO_SOURCE_ISSUE_FOUND,,PENDING OWNER REVIEW,PRESENT IN CURRENT OWNER FILE,ON OFFICIAL MENU MV-2026-10-01,NONE,,,,UNKNOWN,UNKNOWN,ONE SIZE ONLY (D-118),false (D-119),DESCRIPTION MISSING,MISSING,,,2026-10-01,2026-10-01
PRD-00007,FREEZE-READY,CAT-001,OWNER-OFFICIAL-MENU-2026-10-01.xlsx,Sheet1,9,7,dfde223f219443454872e81ae64a1e8d4c55e486fe52a29f87ca1682979c8d97,MV-2026-10-01,Sheet1!R9 (#7),HOT DRINKS,DEAD EYE,ديد آي,SOURCE-PROVIDED — PENDING OWNER REVIEW,3.00,3000,JOD,true,2026-10-01,,,,,,,,,,NO_SOURCE_ISSUE_FOUND,,PENDING OWNER REVIEW,PRESENT IN CURRENT OWNER FILE,ON OFFICIAL MENU MV-2026-10-01,NONE,,,,UNKNOWN,UNKNOWN,ONE SIZE ONLY (D-118),false (D-119),DESCRIPTION MISSING,MISSING,,,2026-10-01,2026-10-01
PRD-00008,FREEZE-READY,CAT-001,OWNER-OFFICIAL-MENU-2026-10-01.xlsx,Sheet1,10,8,dfde223f219443454872e81ae64a1e8d4c55e486fe52a29f87ca1682979c8d97,MV-2026-10-01,Sheet1!R10 (#8),HOT DRINKS,EYE OF THE TIGER,آي أوف ذا تايغر,SOURCE-PROVIDED — PENDING OWNER REVIEW,3.25,3250,JOD,true,2026-10-01,,,,,,,,,,NO_SOURCE_ISSUE_FOUND,,PENDING OWNER REVIEW,PRESENT IN CURRENT OWNER FILE,ON OFFICIAL MENU MV-2026-10-01,NONE,,,,UNKNOWN,UNKNOWN,ONE SIZE ONLY (D-118),false (D-119),DESCRIPTION MISSING,MISSING,,,2026-10-01,2026-10-01
PRD-00009,FREEZE-READY,CAT-001,OWNER-OFFICIAL-MENU-2026-10-01.xlsx,Sheet1,11,9,dfde223f219443454872e81ae64a1e8d4c55e486fe52a29f87ca1682979c8d97,MV-2026-10-01,Sheet1!R11 (#9),HOT DRINKS,ESPRESSO D,إسبريسو دوبل,SOURCE-PROVIDED — PENDING OWNER REVIEW,2.00,2000,JOD,true,2026-10-01,,,,,,ESPRESSO DOUBLE,,,NR-13,SUGGESTED_CORRECTION,SUGGESTED_CORRECTION,PENDING OWNER REVIEW,PRESENT IN CURRENT OWNER FILE,ON OFFICIAL MENU MV-2026-10-01,NONE,,,,UNKNOWN,UNKNOWN,ONE SIZE ONLY (D-118),false (D-119),DESCRIPTION MISSING,MISSING,,,2026-10-01,2026-10-01
PRD-00010,FREEZE-READY,CAT-001,OWNER-OFFICIAL-MENU-2026-10-01.xlsx,Sheet1,12,10,dfde223f219443454872e81ae64a1e8d4c55e486fe52a29f87ca1682979c8d97,MV-2026-10-01,Sheet1!R12 (#10),HOT DRINKS,ESPRESSO CON PANNA,إسبريسو كون بانا,SOURCE-PROVIDED — PENDING OWNER REVIEW,2.50,2500,JOD,true,2026-10-01,,,,,,,,,,NO_SOURCE_ISSUE_FOUND,,PENDING OWNER REVIEW,PRESENT IN CURRENT OWNER FILE,ON OFFICIAL MENU MV-2026-10-01,NONE,,,,UNKNOWN,UNKNOWN,ONE SIZE ONLY (D-118),false (D-119),DESCRIPTION MISSING,MISSING,,,2026-10-01,2026-10-01
PRD-00011,FREEZE-READY,CAT-001,OWNER-OFFICIAL-MENU-2026-10-01.xlsx,Sheet1,13,11,dfde223f219443454872e81ae64a1e8d4c55e486fe52a29f87ca1682979c8d97,MV-2026-10-01,Sheet1!R13 (#11),HOT DRINKS,ESPRESSO MACCHIATO,إسبريسو ماكياتو,SOURCE-PROVIDED — PENDING OWNER REVIEW,2.50,2500,JOD,true,2026-10-01,,,,,,,,,,NO_SOURCE_ISSUE_FOUND,,PENDING OWNER REVIEW,PRESENT IN CURRENT OWNER FILE,ON OFFICIAL MENU MV-2026-10-01,NONE,,,,UNKNOWN,UNKNOWN,ONE SIZE ONLY (D-118),false (D-119),DESCRIPTION MISSING,MISSING,,,2026-10-01,2026-10-01
PRD-00012,FREEZE-READY,CAT-001,OWNER-OFFICIAL-MENU-2026-10-01.xlsx,Sheet1,14,12,dfde223f219443454872e81ae64a1e8d4c55e486fe52a29f87ca1682979c8d97,MV-2026-10-01,Sheet1!R14 (#12),HOT DRINKS,MACCHIATO,ماكياتو,SOURCE-PROVIDED — PENDING OWNER REVIEW,2.50,2500,JOD,true,2026-10-01,,,,,,,,,,NO_SOURCE_ISSUE_FOUND,,PENDING OWNER REVIEW,PRESENT IN CURRENT OWNER FILE,ON OFFICIAL MENU MV-2026-10-01,NONE,,,,UNKNOWN,UNKNOWN,ONE SIZE ONLY (D-118),false (D-119),DESCRIPTION MISSING,MISSING,,,2026-10-01,2026-10-01
PRD-00013,FREEZE-READY,CAT-001,OWNER-OFFICIAL-MENU-2026-10-01.xlsx,Sheet1,15,13,dfde223f219443454872e81ae64a1e8d4c55e486fe52a29f87ca1682979c8d97,MV-2026-10-01,Sheet1!R15 (#13),HOT DRINKS,CARAMEL MACCHIATO,كراميل ماكياتو,SOURCE-PROVIDED — PENDING OWNER REVIEW,3.00,3000,JOD,true,2026-10-01,,,,,,,,,,NO_SOURCE_ISSUE_FOUND,,PENDING OWNER REVIEW,PRESENT IN CURRENT OWNER FILE,ON OFFICIAL MENU MV-2026-10-01,NONE,,,,UNKNOWN,UNKNOWN,ONE SIZE ONLY (D-118),false (D-119),DESCRIPTION MISSING,MISSING,,,2026-10-01,2026-10-01
PRD-00014,FREEZE-READY,CAT-001,OWNER-OFFICIAL-MENU-2026-10-01.xlsx,Sheet1,16,14,dfde223f219443454872e81ae64a1e8d4c55e486fe52a29f87ca1682979c8d97,MV-2026-10-01,Sheet1!R16 (#14),HOT DRINKS,CAPPUCCINO,كابتشينو,SOURCE-PROVIDED — PENDING OWNER REVIEW,2.50,2500,JOD,true,2026-10-01,,,,,,,,,,NO_SOURCE_ISSUE_FOUND,,PENDING OWNER REVIEW,PRESENT IN CURRENT OWNER FILE,ON OFFICIAL MENU MV-2026-10-01,NONE,,,,UNKNOWN,UNKNOWN,ONE SIZE ONLY (D-118),false (D-119),DESCRIPTION MISSING,MISSING,,,2026-10-01,2026-10-01
PRD-00015,FREEZE-READY,CAT-001,OWNER-OFFICIAL-MENU-2026-10-01.xlsx,Sheet1,17,15,dfde223f219443454872e81ae64a1e8d4c55e486fe52a29f87ca1682979c8d97,MV-2026-10-01,Sheet1!R17 (#15),HOT DRINKS,LATTE,لاتيه,SOURCE-PROVIDED — PENDING OWNER REVIEW,2.50,2500,JOD,true,2026-10-01,,,,,,,,,,NO_SOURCE_ISSUE_FOUND,,PENDING OWNER REVIEW,PRESENT IN CURRENT OWNER FILE,ON OFFICIAL MENU MV-2026-10-01,NONE,,,,UNKNOWN,UNKNOWN,ONE SIZE ONLY (D-118),false (D-119),DESCRIPTION MISSING,MISSING,,,2026-10-01,2026-10-01
PRD-00016,FREEZE-READY,CAT-001,OWNER-OFFICIAL-MENU-2026-10-01.xlsx,Sheet1,18,16,dfde223f219443454872e81ae64a1e8d4c55e486fe52a29f87ca1682979c8d97,MV-2026-10-01,Sheet1!R18 (#16),HOT DRINKS,FLAT WHITE,فلات وايت,SOURCE-PROVIDED — PENDING OWNER REVIEW,2.50,2500,JOD,true,2026-10-01,,,,,,,,,,NO_SOURCE_ISSUE_FOUND,,PENDING OWNER REVIEW,PRESENT IN CURRENT OWNER FILE,ON OFFICIAL MENU MV-2026-10-01,NONE,,,,UNKNOWN,UNKNOWN,ONE SIZE ONLY (D-118),false (D-119),DESCRIPTION MISSING,MISSING,,,2026-10-01,2026-10-01
PRD-00017,FREEZE-READY,CAT-001,OWNER-OFFICIAL-MENU-2026-10-01.xlsx,Sheet1,19,17,dfde223f219443454872e81ae64a1e8d4c55e486fe52a29f87ca1682979c8d97,MV-2026-10-01,Sheet1!R19 (#17),HOT DRINKS,CORTADO,كورتادو,SOURCE-PROVIDED — PENDING OWNER REVIEW,2.50,2500,JOD,true,2026-10-01,,,,,,,,,,NO_SOURCE_ISSUE_FOUND,,PENDING OWNER REVIEW,PRESENT IN CURRENT OWNER FILE,ON OFFICIAL MENU MV-2026-10-01,NONE,,,,UNKNOWN,UNKNOWN,ONE SIZE ONLY (D-118),false (D-119),DESCRIPTION MISSING,MISSING,,,2026-10-01,2026-10-01
PRD-00018,FREEZE-READY,CAT-001,OWNER-OFFICIAL-MENU-2026-10-01.xlsx,Sheet1,20,18,dfde223f219443454872e81ae64a1e8d4c55e486fe52a29f87ca1682979c8d97,MV-2026-10-01,Sheet1!R20 (#18),HOT DRINKS,SPANISH LATTE,سبانيش لاتيه,SOURCE-PROVIDED — PENDING OWNER REVIEW,3.00,3000,JOD,true,2026-10-01,,,,,,,,,,NO_SOURCE_ISSUE_FOUND,,PENDING OWNER REVIEW,PRESENT IN CURRENT OWNER FILE,ON OFFICIAL MENU MV-2026-10-01,NONE,,,,UNKNOWN,UNKNOWN,ONE SIZE ONLY (D-118),false (D-119),DESCRIPTION MISSING,MISSING,,,2026-10-01,2026-10-01
PRD-00019,FREEZE-READY,CAT-001,OWNER-OFFICIAL-MENU-2026-10-01.xlsx,Sheet1,21,19,dfde223f219443454872e81ae64a1e8d4c55e486fe52a29f87ca1682979c8d97,MV-2026-10-01,Sheet1!R21 (#19),HOT DRINKS,FRENCH COFFEE,قهوة فرنسية,SOURCE-PROVIDED — PENDING OWNER REVIEW,3.25,3250,JOD,true,2026-10-01,,,,,,,,,,NO_SOURCE_ISSUE_FOUND,,PENDING OWNER REVIEW,PRESENT IN CURRENT OWNER FILE,ON OFFICIAL MENU MV-2026-10-01,NONE,,,,UNKNOWN,UNKNOWN,ONE SIZE ONLY (D-118),false (D-119),DESCRIPTION MISSING,MISSING,,,2026-10-01,2026-10-01
PRD-00020,FREEZE-READY,CAT-001,OWNER-OFFICIAL-MENU-2026-10-01.xlsx,Sheet1,22,20,dfde223f219443454872e81ae64a1e8d4c55e486fe52a29f87ca1682979c8d97,MV-2026-10-01,Sheet1!R22 (#20),HOT DRINKS,CARAMEL LATTE,كراميل لاتيه,SOURCE-PROVIDED — PENDING OWNER REVIEW,2.75,2750,JOD,true,2026-10-01,,,,,,,,,,NO_SOURCE_ISSUE_FOUND,,PENDING OWNER REVIEW,PRESENT IN CURRENT OWNER FILE,ON OFFICIAL MENU MV-2026-10-01,NONE,,,,UNKNOWN,UNKNOWN,ONE SIZE ONLY (D-118),false (D-119),DESCRIPTION MISSING,MISSING,,,2026-10-01,2026-10-01
PRD-00021,FREEZE-READY,CAT-001,OWNER-OFFICIAL-MENU-2026-10-01.xlsx,Sheet1,23,21,dfde223f219443454872e81ae64a1e8d4c55e486fe52a29f87ca1682979c8d97,MV-2026-10-01,Sheet1!R23 (#21),HOT DRINKS,VANILIA LATTE,فانيلا لاتيه,SOURCE-PROVIDED — PENDING OWNER REVIEW,2.75,2750,JOD,true,2026-10-01,,,,,,VANILLA LATTE,,,NR-01,SUGGESTED_CORRECTION,SUGGESTED_CORRECTION,PENDING OWNER REVIEW,PRESENT IN CURRENT OWNER FILE,ON OFFICIAL MENU MV-2026-10-01,NONE,,,,UNKNOWN,UNKNOWN,ONE SIZE ONLY (D-118),false (D-119),DESCRIPTION MISSING,MISSING,,,2026-10-01,2026-10-01
PRD-00022,FREEZE-READY,CAT-001,OWNER-OFFICIAL-MENU-2026-10-01.xlsx,Sheet1,24,22,dfde223f219443454872e81ae64a1e8d4c55e486fe52a29f87ca1682979c8d97,MV-2026-10-01,Sheet1!R24 (#22),HOT DRINKS,HAZELNUT LATTE,هازلنت لاتيه,SOURCE-PROVIDED — PENDING OWNER REVIEW,2.75,2750,JOD,true,2026-10-01,,,,,,,,,,NO_SOURCE_ISSUE_FOUND,,PENDING OWNER REVIEW,PRESENT IN CURRENT OWNER FILE,ON OFFICIAL MENU MV-2026-10-01,NONE,,,,UNKNOWN,UNKNOWN,ONE SIZE ONLY (D-118),false (D-119),DESCRIPTION MISSING,MISSING,,,2026-10-01,2026-10-01
PRD-00023,FREEZE-READY,CAT-001,OWNER-OFFICIAL-MENU-2026-10-01.xlsx,Sheet1,25,23,dfde223f219443454872e81ae64a1e8d4c55e486fe52a29f87ca1682979c8d97,MV-2026-10-01,Sheet1!R25 (#23),HOT DRINKS,CINAMON NUT LATTE,سينامون نت لاتيه,SOURCE-PROVIDED — PENDING OWNER REVIEW,3.00,3000,JOD,true,2026-10-01,,,,,,CINNAMON NUT LATTE,,,NR-04,SUGGESTED_CORRECTION,SUGGESTED_CORRECTION,PENDING OWNER REVIEW,PRESENT IN CURRENT OWNER FILE,ON OFFICIAL MENU MV-2026-10-01,NONE,,,,UNKNOWN,UNKNOWN,ONE SIZE ONLY (D-118),false (D-119),DESCRIPTION MISSING,MISSING,,,2026-10-01,2026-10-01
PRD-00024,FREEZE-READY,CAT-001,OWNER-OFFICIAL-MENU-2026-10-01.xlsx,Sheet1,26,24,dfde223f219443454872e81ae64a1e8d4c55e486fe52a29f87ca1682979c8d97,MV-2026-10-01,Sheet1!R26 (#24),HOT DRINKS,SALTED CARAMEL LATTE,سولتد كراميل لاتيه,SOURCE-PROVIDED — PENDING OWNER REVIEW,3.00,3000,JOD,true,2026-10-01,,,,,,,,,,NO_SOURCE_ISSUE_FOUND,,PENDING OWNER REVIEW,PRESENT IN CURRENT OWNER FILE,ON OFFICIAL MENU MV-2026-10-01,NONE,,,,UNKNOWN,UNKNOWN,ONE SIZE ONLY (D-118),false (D-119),DESCRIPTION MISSING,MISSING,,,2026-10-01,2026-10-01
PRD-00025,FREEZE-READY,CAT-001,OWNER-OFFICIAL-MENU-2026-10-01.xlsx,Sheet1,27,25,dfde223f219443454872e81ae64a1e8d4c55e486fe52a29f87ca1682979c8d97,MV-2026-10-01,Sheet1!R27 (#25),HOT DRINKS,IRISH LATTE,آيريش لاتيه,SOURCE-PROVIDED — PENDING OWNER REVIEW,3.00,3000,JOD,true,2026-10-01,,,,,,,,,,NO_SOURCE_ISSUE_FOUND,,PENDING OWNER REVIEW,PRESENT IN CURRENT OWNER FILE,ON OFFICIAL MENU MV-2026-10-01,NONE,,,,UNKNOWN,UNKNOWN,ONE SIZE ONLY (D-118),false (D-119),DESCRIPTION MISSING,MISSING,,,2026-10-01,2026-10-01
PRD-00026,FREEZE-READY,CAT-001,OWNER-OFFICIAL-MENU-2026-10-01.xlsx,Sheet1,28,26,dfde223f219443454872e81ae64a1e8d4c55e486fe52a29f87ca1682979c8d97,MV-2026-10-01,Sheet1!R28 (#26),HOT DRINKS,MATCHA LATTE,ماتشا لاتيه,SOURCE-PROVIDED — PENDING OWNER REVIEW,3.50,3500,JOD,true,2026-10-01,,,,,,,,,,NO_SOURCE_ISSUE_FOUND,,PENDING OWNER REVIEW,PRESENT IN CURRENT OWNER FILE,ON OFFICIAL MENU MV-2026-10-01,NONE,,,,UNKNOWN,UNKNOWN,ONE SIZE ONLY (D-118),false (D-119),DESCRIPTION MISSING,MISSING,,,2026-10-01,2026-10-01
PRD-00027,FREEZE-READY,CAT-001,OWNER-OFFICIAL-MENU-2026-10-01.xlsx,Sheet1,29,27,dfde223f219443454872e81ae64a1e8d4c55e486fe52a29f87ca1682979c8d97,MV-2026-10-01,Sheet1!R29 (#27),HOT DRINKS,CARAMEL FREE LATTE,كراميل لاتيه (بدون سكر),SOURCE-PROVIDED — PENDING OWNER REVIEW,2.75,2750,JOD,true,2026-10-01,,,,,,CARAMEL LATTE (SUGAR-FREE),,,NR-02 AR-05,SUGGESTED_CORRECTION,SUGGESTED_CORRECTION,PENDING OWNER REVIEW,PRESENT IN CURRENT OWNER FILE,ON OFFICIAL MENU MV-2026-10-01,NONE,,,,UNKNOWN,UNKNOWN,ONE SIZE ONLY (D-118),false (D-119),DESCRIPTION MISSING,MISSING,,,2026-10-01,2026-10-01
PRD-00028,FREEZE-READY,CAT-001,OWNER-OFFICIAL-MENU-2026-10-01.xlsx,Sheet1,30,28,dfde223f219443454872e81ae64a1e8d4c55e486fe52a29f87ca1682979c8d97,MV-2026-10-01,Sheet1!R30 (#28),HOT DRINKS,VANILIA FREE LATTE,فانيلا لاتيه (بدون سكر),SOURCE-PROVIDED — PENDING OWNER REVIEW,2.75,2750,JOD,true,2026-10-01,,,,,,VANILLA LATTE (SUGAR-FREE),,,NR-01 NR-02 AR-05,SUGGESTED_CORRECTION,SUGGESTED_CORRECTION,PENDING OWNER REVIEW,PRESENT IN CURRENT OWNER FILE,ON OFFICIAL MENU MV-2026-10-01,NONE,,,,UNKNOWN,UNKNOWN,ONE SIZE ONLY (D-118),false (D-119),DESCRIPTION MISSING,MISSING,,,2026-10-01,2026-10-01
PRD-00029,FREEZE-READY,CAT-001,OWNER-OFFICIAL-MENU-2026-10-01.xlsx,Sheet1,31,29,dfde223f219443454872e81ae64a1e8d4c55e486fe52a29f87ca1682979c8d97,MV-2026-10-01,Sheet1!R31 (#29),HOT DRINKS,HAZELNUT FREE LATTE,هازلنت لاتيه (بدون سكر),SOURCE-PROVIDED — PENDING OWNER REVIEW,2.75,2750,JOD,true,2026-10-01,,,,,,HAZELNUT LATTE (SUGAR-FREE),,,NR-02 AR-05,SUGGESTED_CORRECTION,SUGGESTED_CORRECTION,PENDING OWNER REVIEW,PRESENT IN CURRENT OWNER FILE,ON OFFICIAL MENU MV-2026-10-01,NONE,,,,UNKNOWN,UNKNOWN,ONE SIZE ONLY (D-118),false (D-119),DESCRIPTION MISSING,MISSING,,,2026-10-01,2026-10-01
PRD-00030,FREEZE-READY,CAT-001,OWNER-OFFICIAL-MENU-2026-10-01.xlsx,Sheet1,32,30,dfde223f219443454872e81ae64a1e8d4c55e486fe52a29f87ca1682979c8d97,MV-2026-10-01,Sheet1!R32 (#30),HOT DRINKS,MOCHA,موكا,SOURCE-PROVIDED — PENDING OWNER REVIEW,3.00,3000,JOD,true,2026-10-01,,,,,,,,,,NO_SOURCE_ISSUE_FOUND,,PENDING OWNER REVIEW,PRESENT IN CURRENT OWNER FILE,ON OFFICIAL MENU MV-2026-10-01,NONE,,,,UNKNOWN,UNKNOWN,ONE SIZE ONLY (D-118),false (D-119),DESCRIPTION MISSING,MISSING,,,2026-10-01,2026-10-01
PRD-00031,FREEZE-READY,CAT-001,OWNER-OFFICIAL-MENU-2026-10-01.xlsx,Sheet1,33,31,dfde223f219443454872e81ae64a1e8d4c55e486fe52a29f87ca1682979c8d97,MV-2026-10-01,Sheet1!R33 (#31),HOT DRINKS,WHITE MOCHA,وايت موكا,SOURCE-PROVIDED — PENDING OWNER REVIEW,3.00,3000,JOD,true,2026-10-01,,,,,,,,,,NO_SOURCE_ISSUE_FOUND,,PENDING OWNER REVIEW,PRESENT IN CURRENT OWNER FILE,ON OFFICIAL MENU MV-2026-10-01,NONE,,,,UNKNOWN,UNKNOWN,ONE SIZE ONLY (D-118),false (D-119),DESCRIPTION MISSING,MISSING,,,2026-10-01,2026-10-01
PRD-00032,FREEZE-READY,CAT-001,OWNER-OFFICIAL-MENU-2026-10-01.xlsx,Sheet1,34,32,dfde223f219443454872e81ae64a1e8d4c55e486fe52a29f87ca1682979c8d97,MV-2026-10-01,Sheet1!R34 (#32),HOT DRINKS,AFFOGATO COFFEE,أفوغاتو,SOURCE-PROVIDED — PENDING OWNER REVIEW,2.50,2500,JOD,true,2026-10-01,,,,,,AFFOGATO,,,NR-20,SUGGESTED_CORRECTION,SUGGESTED_CORRECTION,PENDING OWNER REVIEW,PRESENT IN CURRENT OWNER FILE,ON OFFICIAL MENU MV-2026-10-01,NONE,,,,UNKNOWN,UNKNOWN,ONE SIZE ONLY (D-118),false (D-119),DESCRIPTION MISSING,MISSING,,,2026-10-01,2026-10-01
PRD-00033,FREEZE-READY,CAT-001,OWNER-OFFICIAL-MENU-2026-10-01.xlsx,Sheet1,35,33,dfde223f219443454872e81ae64a1e8d4c55e486fe52a29f87ca1682979c8d97,MV-2026-10-01,Sheet1!R35 (#33),HOT DRINKS,IRISH COFFEE,آيريش كوفي,SOURCE-PROVIDED — PENDING OWNER REVIEW,2.75,2750,JOD,true,2026-10-01,,,,,,,,,,NO_SOURCE_ISSUE_FOUND,,PENDING OWNER REVIEW,PRESENT IN CURRENT OWNER FILE,ON OFFICIAL MENU MV-2026-10-01,NONE,,,,UNKNOWN,UNKNOWN,ONE SIZE ONLY (D-118),false (D-119),DESCRIPTION MISSING,MISSING,,,2026-10-01,2026-10-01
PRD-00034,FREEZE-READY,CAT-001,OWNER-OFFICIAL-MENU-2026-10-01.xlsx,Sheet1,36,34,dfde223f219443454872e81ae64a1e8d4c55e486fe52a29f87ca1682979c8d97,MV-2026-10-01,Sheet1!R36 (#34),HOT DRINKS,NESCAFE,نسكافيه,SOURCE-PROVIDED — PENDING OWNER REVIEW,1.50,1500,JOD,true,2026-10-01,,,,,,,,,,NO_SOURCE_ISSUE_FOUND,,PENDING OWNER REVIEW,PRESENT IN CURRENT OWNER FILE,ON OFFICIAL MENU MV-2026-10-01,NONE,,,,UNKNOWN,UNKNOWN,ONE SIZE ONLY (D-118),false (D-119),DESCRIPTION MISSING,MISSING,,,2026-10-01,2026-10-01
PRD-00035,FREEZE-READY,CAT-001,OWNER-OFFICIAL-MENU-2026-10-01.xlsx,Sheet1,37,35,dfde223f219443454872e81ae64a1e8d4c55e486fe52a29f87ca1682979c8d97,MV-2026-10-01,Sheet1!R37 (#35),HOT DRINKS,MESTEKH,مستكة,SOURCE-PROVIDED — PENDING OWNER REVIEW,2.50,2500,JOD,true,2026-10-01,,,,,,,,,MQ-12,UNCLEAR_NAME,UNCLEAR_NAME,PENDING OWNER REVIEW,PRESENT IN CURRENT OWNER FILE,ON OFFICIAL MENU MV-2026-10-01,NONE,,,,UNKNOWN,UNKNOWN,ONE SIZE ONLY (D-118),false (D-119),DESCRIPTION MISSING,MISSING,,,2026-10-01,2026-10-01
PRD-00036,FREEZE-READY,CAT-001,OWNER-OFFICIAL-MENU-2026-10-01.xlsx,Sheet1,38,36,dfde223f219443454872e81ae64a1e8d4c55e486fe52a29f87ca1682979c8d97,MV-2026-10-01,Sheet1!R38 (#36),HOT DRINKS,HOT CHOCOLATE,هوت شوكليت,SOURCE-PROVIDED — PENDING OWNER REVIEW,2.00,2000,JOD,true,2026-10-01,,,,,,,,,,NO_SOURCE_ISSUE_FOUND,,PENDING OWNER REVIEW,PRESENT IN CURRENT OWNER FILE,ON OFFICIAL MENU MV-2026-10-01,NONE,,,,UNKNOWN,UNKNOWN,ONE SIZE ONLY (D-118),false (D-119),DESCRIPTION MISSING,MISSING,,,2026-10-01,2026-10-01
PRD-00037,FREEZE-READY,CAT-001,OWNER-OFFICIAL-MENU-2026-10-01.xlsx,Sheet1,39,37,dfde223f219443454872e81ae64a1e8d4c55e486fe52a29f87ca1682979c8d97,MV-2026-10-01,Sheet1!R39 (#37),HOT DRINKS,HOT LOTUS,هوت لوتس,SOURCE-PROVIDED — PENDING OWNER REVIEW,3.50,3500,JOD,true,2026-10-01,,,,,,,,,,NO_SOURCE_ISSUE_FOUND,,PENDING OWNER REVIEW,PRESENT IN CURRENT OWNER FILE,ON OFFICIAL MENU MV-2026-10-01,NONE,,,,UNKNOWN,UNKNOWN,ONE SIZE ONLY (D-118),false (D-119),DESCRIPTION MISSING,MISSING,,,2026-10-01,2026-10-01
PRD-00038,FREEZE-READY,CAT-001,OWNER-OFFICIAL-MENU-2026-10-01.xlsx,Sheet1,40,38,dfde223f219443454872e81ae64a1e8d4c55e486fe52a29f87ca1682979c8d97,MV-2026-10-01,Sheet1!R40 (#38),HOT DRINKS,HOT PISTACHIO,هوت فستق,SOURCE-PROVIDED — PENDING OWNER REVIEW,3.50,3500,JOD,true,2026-10-01,,,,,,,,,,NO_SOURCE_ISSUE_FOUND,,PENDING OWNER REVIEW,PRESENT IN CURRENT OWNER FILE,ON OFFICIAL MENU MV-2026-10-01,NONE,,,,UNKNOWN,UNKNOWN,ONE SIZE ONLY (D-118),false (D-119),DESCRIPTION MISSING,MISSING,,,2026-10-01,2026-10-01
PRD-00039,FREEZE-READY,CAT-001,OWNER-OFFICIAL-MENU-2026-10-01.xlsx,Sheet1,41,39,dfde223f219443454872e81ae64a1e8d4c55e486fe52a29f87ca1682979c8d97,MV-2026-10-01,Sheet1!R41 (#39),HOT DRINKS,HOT NUTELLA,هوت نوتيلا,SOURCE-PROVIDED — PENDING OWNER REVIEW,3.50,3500,JOD,true,2026-10-01,,,,,,,,,,NO_SOURCE_ISSUE_FOUND,,PENDING OWNER REVIEW,PRESENT IN CURRENT OWNER FILE,ON OFFICIAL MENU MV-2026-10-01,NONE,,,,UNKNOWN,UNKNOWN,ONE SIZE ONLY (D-118),false (D-119),DESCRIPTION MISSING,MISSING,,,2026-10-01,2026-10-01
PRD-00040,FREEZE-READY,CAT-002,OWNER-OFFICIAL-MENU-2026-10-01.xlsx,Sheet1,43,40,dfde223f219443454872e81ae64a1e8d4c55e486fe52a29f87ca1682979c8d97,MV-2026-10-01,Sheet1!R43 (#40),COLD DRINKS,ICED AMERICAN,آيس أمريكان,SOURCE-PROVIDED — PENDING OWNER REVIEW,2.75,2750,JOD,true,2026-10-01,,,,,,,,,,NO_SOURCE_ISSUE_FOUND,,PENDING OWNER REVIEW,PRESENT IN CURRENT OWNER FILE,ON OFFICIAL MENU MV-2026-10-01,NONE,,,,UNKNOWN,UNKNOWN,ONE SIZE ONLY (D-118),false (D-119),DESCRIPTION MISSING,MISSING,,,2026-10-01,2026-10-01
PRD-00041,FREEZE-READY,CAT-002,OWNER-OFFICIAL-MENU-2026-10-01.xlsx,Sheet1,44,41,dfde223f219443454872e81ae64a1e8d4c55e486fe52a29f87ca1682979c8d97,MV-2026-10-01,Sheet1!R44 (#41),COLD DRINKS,ICED CAPPUCCINO,آيس كابتشينو,SOURCE-PROVIDED — PENDING OWNER REVIEW,3.50,3500,JOD,true,2026-10-01,,,,,,,,,,NO_SOURCE_ISSUE_FOUND,,PENDING OWNER REVIEW,PRESENT IN CURRENT OWNER FILE,ON OFFICIAL MENU MV-2026-10-01,NONE,,,,UNKNOWN,UNKNOWN,ONE SIZE ONLY (D-118),false (D-119),DESCRIPTION MISSING,MISSING,,,2026-10-01,2026-10-01
PRD-00042,HOLD — DUP-04 PAIR REVIEW,CAT-002,OWNER-OFFICIAL-MENU-2026-10-01.xlsx,Sheet1,45,42,dfde223f219443454872e81ae64a1e8d4c55e486fe52a29f87ca1682979c8d97,MV-2026-10-01,Sheet1!R45 (#42),COLD DRINKS,ICED SHAKEN CARAMEL,آيس شيكن كراميل,SOURCE-PROVIDED — PENDING OWNER REVIEW,3.50,3500,JOD,true,2026-10-01,,,,,,,,,DUP-04 AR-04,POSSIBLE_DUPLICATE_DUP04,POSSIBLE_DUPLICATE_DUP04 · SUGGESTED_CORRECTION,PENDING OWNER REVIEW,PRESENT IN CURRENT OWNER FILE,ON OFFICIAL MENU MV-2026-10-01,NONE,,,,UNKNOWN,UNKNOWN,ONE SIZE ONLY (D-118),false (D-119),DESCRIPTION MISSING,MISSING,,,2026-10-01,2026-10-01
PRD-00043,HOLD — DUP-04 PAIR REVIEW,CAT-002,OWNER-OFFICIAL-MENU-2026-10-01.xlsx,Sheet1,46,43,dfde223f219443454872e81ae64a1e8d4c55e486fe52a29f87ca1682979c8d97,MV-2026-10-01,Sheet1!R46 (#43),COLD DRINKS,ICED CARAMEL LATTE,آيس كراميل لاتيه,SOURCE-PROVIDED — PENDING OWNER REVIEW,3.50,3500,JOD,true,2026-10-01,,,,,,,,,,POSSIBLE_DUPLICATE_DUP04,POSSIBLE_DUPLICATE_DUP04,PENDING OWNER REVIEW,PRESENT IN CURRENT OWNER FILE,ON OFFICIAL MENU MV-2026-10-01,NONE,,,,UNKNOWN,UNKNOWN,ONE SIZE ONLY (D-118),false (D-119),DESCRIPTION MISSING,MISSING,,,2026-10-01,2026-10-01
PRD-00044,FREEZE-READY,CAT-002,OWNER-OFFICIAL-MENU-2026-10-01.xlsx,Sheet1,47,44,dfde223f219443454872e81ae64a1e8d4c55e486fe52a29f87ca1682979c8d97,MV-2026-10-01,Sheet1!R47 (#44),COLD DRINKS,ICED CARAMEL FREE LATTE,آيس كراميل لاتيه بدون سكر,SOURCE-PROVIDED — PENDING OWNER REVIEW,3.50,3500,JOD,true,2026-10-01,,,,,,ICED CARAMEL LATTE (SUGAR-FREE),آيس كراميل لاتيه (بدون سكر),,NR-02 AR-05,SUGGESTED_CORRECTION,SUGGESTED_CORRECTION,PENDING OWNER REVIEW,PRESENT IN CURRENT OWNER FILE,ON OFFICIAL MENU MV-2026-10-01,NONE,,,,UNKNOWN,UNKNOWN,ONE SIZE ONLY (D-118),false (D-119),DESCRIPTION MISSING,MISSING,,,2026-10-01,2026-10-01
PRD-00045,FREEZE-READY,CAT-002,OWNER-OFFICIAL-MENU-2026-10-01.xlsx,Sheet1,48,45,dfde223f219443454872e81ae64a1e8d4c55e486fe52a29f87ca1682979c8d97,MV-2026-10-01,Sheet1!R48 (#45),COLD DRINKS,ICED AMERICANO,آيس أمريكانو,SOURCE-PROVIDED — PENDING OWNER REVIEW,2.75,2750,JOD,true,2026-10-01,,,,,,,,,,NO_SOURCE_ISSUE_FOUND,,PENDING OWNER REVIEW,PRESENT IN CURRENT OWNER FILE,ON OFFICIAL MENU MV-2026-10-01,NONE,,,,UNKNOWN,UNKNOWN,ONE SIZE ONLY (D-118),false (D-119),DESCRIPTION MISSING,MISSING,,,2026-10-01,2026-10-01
PRD-00046,FREEZE-READY,CAT-002,OWNER-OFFICIAL-MENU-2026-10-01.xlsx,Sheet1,49,46,dfde223f219443454872e81ae64a1e8d4c55e486fe52a29f87ca1682979c8d97,MV-2026-10-01,Sheet1!R49 (#46),COLD DRINKS,ICED LATTE,آيس لاتيه,SOURCE-PROVIDED — PENDING OWNER REVIEW,3.00,3000,JOD,true,2026-10-01,,,,,,,,,,NO_SOURCE_ISSUE_FOUND,,PENDING OWNER REVIEW,PRESENT IN CURRENT OWNER FILE,ON OFFICIAL MENU MV-2026-10-01,NONE,,,,UNKNOWN,UNKNOWN,ONE SIZE ONLY (D-118),false (D-119),DESCRIPTION MISSING,MISSING,,,2026-10-01,2026-10-01
PRD-00047,HOLD — DUP-04 PAIR REVIEW,CAT-002,OWNER-OFFICIAL-MENU-2026-10-01.xlsx,Sheet1,50,47,dfde223f219443454872e81ae64a1e8d4c55e486fe52a29f87ca1682979c8d97,MV-2026-10-01,Sheet1!R50 (#47),COLD DRINKS,ICED SHAKEN WHITE MOCHA,آيس شيكن وايت موكا,SOURCE-PROVIDED — PENDING OWNER REVIEW,3.50,3500,JOD,true,2026-10-01,,,,,,,,,DUP-04 AR-04,POSSIBLE_DUPLICATE_DUP04,POSSIBLE_DUPLICATE_DUP04 · SUGGESTED_CORRECTION,PENDING OWNER REVIEW,PRESENT IN CURRENT OWNER FILE,ON OFFICIAL MENU MV-2026-10-01,NONE,,,,UNKNOWN,UNKNOWN,ONE SIZE ONLY (D-118),false (D-119),DESCRIPTION MISSING,MISSING,,,2026-10-01,2026-10-01
PRD-00048,HOLD — DUP-04 PAIR REVIEW,CAT-002,OWNER-OFFICIAL-MENU-2026-10-01.xlsx,Sheet1,51,48,dfde223f219443454872e81ae64a1e8d4c55e486fe52a29f87ca1682979c8d97,MV-2026-10-01,Sheet1!R51 (#48),COLD DRINKS,ICED VANILLA LATTE,آيس فانيلا لاتيه,SOURCE-PROVIDED — PENDING OWNER REVIEW,3.50,3500,JOD,true,2026-10-01,,,,,,,,,,POSSIBLE_DUPLICATE_DUP04,POSSIBLE_DUPLICATE_DUP04,PENDING OWNER REVIEW,PRESENT IN CURRENT OWNER FILE,ON OFFICIAL MENU MV-2026-10-01,NONE,,,,UNKNOWN,UNKNOWN,ONE SIZE ONLY (D-118),false (D-119),DESCRIPTION MISSING,MISSING,,,2026-10-01,2026-10-01
PRD-00049,FREEZE-READY,CAT-002,OWNER-OFFICIAL-MENU-2026-10-01.xlsx,Sheet1,52,49,dfde223f219443454872e81ae64a1e8d4c55e486fe52a29f87ca1682979c8d97,MV-2026-10-01,Sheet1!R52 (#49),COLD DRINKS,ICED VANILLA FREE LATTE,آيس فانيلا لاتيه بدون سكر,SOURCE-PROVIDED — PENDING OWNER REVIEW,3.50,3500,JOD,true,2026-10-01,,,,,,ICED VANILLA LATTE (SUGAR-FREE),آيس فانيلا لاتيه (بدون سكر),,NR-02 AR-05,SUGGESTED_CORRECTION,SUGGESTED_CORRECTION,PENDING OWNER REVIEW,PRESENT IN CURRENT OWNER FILE,ON OFFICIAL MENU MV-2026-10-01,NONE,,,,UNKNOWN,UNKNOWN,ONE SIZE ONLY (D-118),false (D-119),DESCRIPTION MISSING,MISSING,,,2026-10-01,2026-10-01
PRD-00050,FREEZE-READY,CAT-002,OWNER-OFFICIAL-MENU-2026-10-01.xlsx,Sheet1,53,50,dfde223f219443454872e81ae64a1e8d4c55e486fe52a29f87ca1682979c8d97,MV-2026-10-01,Sheet1!R53 (#50),COLD DRINKS,ICED MATCHA,آيس ماتشا,SOURCE-PROVIDED — PENDING OWNER REVIEW,4.25,4250,JOD,true,2026-10-01,,,,,,,,,,NO_SOURCE_ISSUE_FOUND,,PENDING OWNER REVIEW,PRESENT IN CURRENT OWNER FILE,ON OFFICIAL MENU MV-2026-10-01,NONE,,,,UNKNOWN,UNKNOWN,ONE SIZE ONLY (D-118),false (D-119),DESCRIPTION MISSING,MISSING,,,2026-10-01,2026-10-01
PRD-00051,FREEZE-READY,CAT-002,OWNER-OFFICIAL-MENU-2026-10-01.xlsx,Sheet1,54,51,dfde223f219443454872e81ae64a1e8d4c55e486fe52a29f87ca1682979c8d97,MV-2026-10-01,Sheet1!R54 (#51),COLD DRINKS,ICED NUTELLA,آيس نوتيلا,SOURCE-PROVIDED — PENDING OWNER REVIEW,3.75,3750,JOD,true,2026-10-01,,,,,,,,,,NO_SOURCE_ISSUE_FOUND,,PENDING OWNER REVIEW,PRESENT IN CURRENT OWNER FILE,ON OFFICIAL MENU MV-2026-10-01,NONE,,,,UNKNOWN,UNKNOWN,ONE SIZE ONLY (D-118),false (D-119),DESCRIPTION MISSING,MISSING,,,2026-10-01,2026-10-01
PRD-00052,HOLD — DUP-04 PAIR REVIEW,CAT-002,OWNER-OFFICIAL-MENU-2026-10-01.xlsx,Sheet1,55,52,dfde223f219443454872e81ae64a1e8d4c55e486fe52a29f87ca1682979c8d97,MV-2026-10-01,Sheet1!R55 (#52),COLD DRINKS,ICED SHAKEN VANILLA,آيس شيكن فانيلا,SOURCE-PROVIDED — PENDING OWNER REVIEW,3.50,3500,JOD,true,2026-10-01,,,,,,,,,DUP-04 AR-04,POSSIBLE_DUPLICATE_DUP04,POSSIBLE_DUPLICATE_DUP04 · SUGGESTED_CORRECTION,PENDING OWNER REVIEW,PRESENT IN CURRENT OWNER FILE,ON OFFICIAL MENU MV-2026-10-01,NONE,,,,UNKNOWN,UNKNOWN,ONE SIZE ONLY (D-118),false (D-119),DESCRIPTION MISSING,MISSING,,,2026-10-01,2026-10-01
PRD-00053,HOLD — DUP-04 PAIR REVIEW,CAT-002,OWNER-OFFICIAL-MENU-2026-10-01.xlsx,Sheet1,56,53,dfde223f219443454872e81ae64a1e8d4c55e486fe52a29f87ca1682979c8d97,MV-2026-10-01,Sheet1!R56 (#53),COLD DRINKS,ICED HAZELNUT LATTE,آيس هازلنت لاتيه,SOURCE-PROVIDED — PENDING OWNER REVIEW,3.50,3500,JOD,true,2026-10-01,,,,,,,,,,POSSIBLE_DUPLICATE_DUP04,POSSIBLE_DUPLICATE_DUP04,PENDING OWNER REVIEW,PRESENT IN CURRENT OWNER FILE,ON OFFICIAL MENU MV-2026-10-01,NONE,,,,UNKNOWN,UNKNOWN,ONE SIZE ONLY (D-118),false (D-119),DESCRIPTION MISSING,MISSING,,,2026-10-01,2026-10-01
PRD-00054,FREEZE-READY,CAT-002,OWNER-OFFICIAL-MENU-2026-10-01.xlsx,Sheet1,57,54,dfde223f219443454872e81ae64a1e8d4c55e486fe52a29f87ca1682979c8d97,MV-2026-10-01,Sheet1!R57 (#54),COLD DRINKS,ICED HAZELNUT FREE LATTE,آيس هازلنت لاتيه بدون سكر,SOURCE-PROVIDED — PENDING OWNER REVIEW,3.50,3500,JOD,true,2026-10-01,,,,,,ICED HAZELNUT LATTE (SUGAR-FREE),آيس هازلنت لاتيه (بدون سكر),,NR-02 AR-05,SUGGESTED_CORRECTION,SUGGESTED_CORRECTION,PENDING OWNER REVIEW,PRESENT IN CURRENT OWNER FILE,ON OFFICIAL MENU MV-2026-10-01,NONE,,,,UNKNOWN,UNKNOWN,ONE SIZE ONLY (D-118),false (D-119),DESCRIPTION MISSING,MISSING,,,2026-10-01,2026-10-01
PRD-00055,FREEZE-READY,CAT-002,OWNER-OFFICIAL-MENU-2026-10-01.xlsx,Sheet1,58,55,dfde223f219443454872e81ae64a1e8d4c55e486fe52a29f87ca1682979c8d97,MV-2026-10-01,Sheet1!R58 (#55),COLD DRINKS,ICED PISTACHIO,آيس فستق,SOURCE-PROVIDED — PENDING OWNER REVIEW,3.75,3750,JOD,true,2026-10-01,,,,,,,,,,NO_SOURCE_ISSUE_FOUND,,PENDING OWNER REVIEW,PRESENT IN CURRENT OWNER FILE,ON OFFICIAL MENU MV-2026-10-01,NONE,,,,UNKNOWN,UNKNOWN,ONE SIZE ONLY (D-118),false (D-119),DESCRIPTION MISSING,MISSING,,,2026-10-01,2026-10-01
PRD-00056,FREEZE-READY,CAT-002,OWNER-OFFICIAL-MENU-2026-10-01.xlsx,Sheet1,59,56,dfde223f219443454872e81ae64a1e8d4c55e486fe52a29f87ca1682979c8d97,MV-2026-10-01,Sheet1!R59 (#56),COLD DRINKS,ICED LOTUS,آيس لوتس,SOURCE-PROVIDED — PENDING OWNER REVIEW,3.75,3750,JOD,true,2026-10-01,,,,,,,,,,NO_SOURCE_ISSUE_FOUND,,PENDING OWNER REVIEW,PRESENT IN CURRENT OWNER FILE,ON OFFICIAL MENU MV-2026-10-01,NONE,,,,UNKNOWN,UNKNOWN,ONE SIZE ONLY (D-118),false (D-119),DESCRIPTION MISSING,MISSING,,,2026-10-01,2026-10-01
PRD-00057,HOLD — DUP-04 PAIR REVIEW,CAT-002,OWNER-OFFICIAL-MENU-2026-10-01.xlsx,Sheet1,60,57,dfde223f219443454872e81ae64a1e8d4c55e486fe52a29f87ca1682979c8d97,MV-2026-10-01,Sheet1!R60 (#57),COLD DRINKS,ICED SHAKEN HAZELNUT,آيس شيكن هازلنت,SOURCE-PROVIDED — PENDING OWNER REVIEW,3.50,3500,JOD,true,2026-10-01,,,,,,,,,DUP-04 AR-04,POSSIBLE_DUPLICATE_DUP04,POSSIBLE_DUPLICATE_DUP04 · SUGGESTED_CORRECTION,PENDING OWNER REVIEW,PRESENT IN CURRENT OWNER FILE,ON OFFICIAL MENU MV-2026-10-01,NONE,,,,UNKNOWN,UNKNOWN,ONE SIZE ONLY (D-118),false (D-119),DESCRIPTION MISSING,MISSING,,,2026-10-01,2026-10-01
PRD-00058,FREEZE-READY,CAT-002,OWNER-OFFICIAL-MENU-2026-10-01.xlsx,Sheet1,61,58,dfde223f219443454872e81ae64a1e8d4c55e486fe52a29f87ca1682979c8d97,MV-2026-10-01,Sheet1!R61 (#58),COLD DRINKS,ICED SPANISH LATTE,آيس سبانيش لاتيه,SOURCE-PROVIDED — PENDING OWNER REVIEW,3.50,3500,JOD,true,2026-10-01,,,,,,,,,,NO_SOURCE_ISSUE_FOUND,,PENDING OWNER REVIEW,PRESENT IN CURRENT OWNER FILE,ON OFFICIAL MENU MV-2026-10-01,NONE,,,,UNKNOWN,UNKNOWN,ONE SIZE ONLY (D-118),false (D-119),DESCRIPTION MISSING,MISSING,,,2026-10-01,2026-10-01
PRD-00059,FREEZE-READY,CAT-002,OWNER-OFFICIAL-MENU-2026-10-01.xlsx,Sheet1,62,59,dfde223f219443454872e81ae64a1e8d4c55e486fe52a29f87ca1682979c8d97,MV-2026-10-01,Sheet1!R62 (#59),COLD DRINKS,ICED CHOCOLATE,آيس شوكليت,SOURCE-PROVIDED — PENDING OWNER REVIEW,3.50,3500,JOD,true,2026-10-01,,,,,,,,,,NO_SOURCE_ISSUE_FOUND,,PENDING OWNER REVIEW,PRESENT IN CURRENT OWNER FILE,ON OFFICIAL MENU MV-2026-10-01,NONE,,,,UNKNOWN,UNKNOWN,ONE SIZE ONLY (D-118),false (D-119),DESCRIPTION MISSING,MISSING,,,2026-10-01,2026-10-01
PRD-00060,FREEZE-READY,CAT-002,OWNER-OFFICIAL-MENU-2026-10-01.xlsx,Sheet1,63,60,dfde223f219443454872e81ae64a1e8d4c55e486fe52a29f87ca1682979c8d97,MV-2026-10-01,Sheet1!R63 (#60),COLD DRINKS,ICED CROCCONATE,آيس كروكونات,SOURCE-PROVIDED — PENDING OWNER REVIEW,3.75,3750,JOD,true,2026-10-01,,,,,,,,,MQ-12 NR-17,UNCLEAR_NAME,UNCLEAR_NAME,PENDING OWNER REVIEW,PRESENT IN CURRENT OWNER FILE,ON OFFICIAL MENU MV-2026-10-01,NONE,,,,UNKNOWN,UNKNOWN,ONE SIZE ONLY (D-118),false (D-119),DESCRIPTION MISSING,MISSING,,,2026-10-01,2026-10-01
PRD-00061,FREEZE-READY,CAT-002,OWNER-OFFICIAL-MENU-2026-10-01.xlsx,Sheet1,64,61,dfde223f219443454872e81ae64a1e8d4c55e486fe52a29f87ca1682979c8d97,MV-2026-10-01,Sheet1!R64 (#61),COLD DRINKS,ICED CARAMEL MACCHIATO,آيس كراميل ماكياتو,SOURCE-PROVIDED — PENDING OWNER REVIEW,3.50,3500,JOD,true,2026-10-01,,,,,,,,,,NO_SOURCE_ISSUE_FOUND,,PENDING OWNER REVIEW,PRESENT IN CURRENT OWNER FILE,ON OFFICIAL MENU MV-2026-10-01,NONE,,,,UNKNOWN,UNKNOWN,ONE SIZE ONLY (D-118),false (D-119),DESCRIPTION MISSING,MISSING,,,2026-10-01,2026-10-01
PRD-00062,HOLD — DUP-04 PAIR REVIEW,CAT-002,OWNER-OFFICIAL-MENU-2026-10-01.xlsx,Sheet1,65,62,dfde223f219443454872e81ae64a1e8d4c55e486fe52a29f87ca1682979c8d97,MV-2026-10-01,Sheet1!R65 (#62),COLD DRINKS,ICED WHITE MOCHA,آيس وايت موكا,SOURCE-PROVIDED — PENDING OWNER REVIEW,3.50,3500,JOD,true,2026-10-01,,,,,,,,,,POSSIBLE_DUPLICATE_DUP04,POSSIBLE_DUPLICATE_DUP04,PENDING OWNER REVIEW,PRESENT IN CURRENT OWNER FILE,ON OFFICIAL MENU MV-2026-10-01,NONE,,,,UNKNOWN,UNKNOWN,ONE SIZE ONLY (D-118),false (D-119),DESCRIPTION MISSING,MISSING,,,2026-10-01,2026-10-01
PRD-00063,FREEZE-READY,CAT-002,OWNER-OFFICIAL-MENU-2026-10-01.xlsx,Sheet1,66,63,dfde223f219443454872e81ae64a1e8d4c55e486fe52a29f87ca1682979c8d97,MV-2026-10-01,Sheet1!R66 (#63),COLD DRINKS,ICED MOCHA,آيس موكا,SOURCE-PROVIDED — PENDING OWNER REVIEW,3.50,3500,JOD,true,2026-10-01,,,,,,,,,,NO_SOURCE_ISSUE_FOUND,,PENDING OWNER REVIEW,PRESENT IN CURRENT OWNER FILE,ON OFFICIAL MENU MV-2026-10-01,NONE,,,,UNKNOWN,UNKNOWN,ONE SIZE ONLY (D-118),false (D-119),DESCRIPTION MISSING,MISSING,,,2026-10-01,2026-10-01
PRD-00064,FREEZE-READY,CAT-002,OWNER-OFFICIAL-MENU-2026-10-01.xlsx,Sheet1,67,64,dfde223f219443454872e81ae64a1e8d4c55e486fe52a29f87ca1682979c8d97,MV-2026-10-01,Sheet1!R67 (#64),COLD DRINKS,ICE IRSH LATTE,آيس آيريش لاتيه,SOURCE-PROVIDED — PENDING OWNER REVIEW,3.50,3500,JOD,true,2026-10-01,,,,,,ICED IRISH LATTE,,,NR-05,SUGGESTED_CORRECTION,SUGGESTED_CORRECTION,PENDING OWNER REVIEW,PRESENT IN CURRENT OWNER FILE,ON OFFICIAL MENU MV-2026-10-01,NONE,,,,UNKNOWN,UNKNOWN,ONE SIZE ONLY (D-118),false (D-119),DESCRIPTION MISSING,MISSING,,,2026-10-01,2026-10-01
PRD-00065,FREEZE-READY,CAT-002,OWNER-OFFICIAL-MENU-2026-10-01.xlsx,Sheet1,68,65,dfde223f219443454872e81ae64a1e8d4c55e486fe52a29f87ca1682979c8d97,MV-2026-10-01,Sheet1!R68 (#65),COLD DRINKS,ICED TOFFE NUT LATTE,آيس توفي نت لاتيه,SOURCE-PROVIDED — PENDING OWNER REVIEW,3.50,3500,JOD,true,2026-10-01,,,,,,ICED TOFFEE NUT LATTE,,,NR-06,SUGGESTED_CORRECTION,SUGGESTED_CORRECTION,PENDING OWNER REVIEW,PRESENT IN CURRENT OWNER FILE,ON OFFICIAL MENU MV-2026-10-01,NONE,,,,UNKNOWN,UNKNOWN,ONE SIZE ONLY (D-118),false (D-119),DESCRIPTION MISSING,MISSING,,,2026-10-01,2026-10-01
PRD-00066,HOLD — DUP-04 PAIR REVIEW,CAT-002,OWNER-OFFICIAL-MENU-2026-10-01.xlsx,Sheet1,69,66,dfde223f219443454872e81ae64a1e8d4c55e486fe52a29f87ca1682979c8d97,MV-2026-10-01,Sheet1!R69 (#66),COLD DRINKS,ICED SALTED CARAMEL LATTE,آيس سولتد كراميل لاتيه,SOURCE-PROVIDED — PENDING OWNER REVIEW,3.50,3500,JOD,true,2026-10-01,,,,,,,,,,POSSIBLE_DUPLICATE_DUP04,POSSIBLE_DUPLICATE_DUP04,PENDING OWNER REVIEW,PRESENT IN CURRENT OWNER FILE,ON OFFICIAL MENU MV-2026-10-01,NONE,,,,UNKNOWN,UNKNOWN,ONE SIZE ONLY (D-118),false (D-119),DESCRIPTION MISSING,MISSING,,,2026-10-01,2026-10-01
PRD-00067,HOLD — DUP-04 PAIR REVIEW,CAT-002,OWNER-OFFICIAL-MENU-2026-10-01.xlsx,Sheet1,70,67,dfde223f219443454872e81ae64a1e8d4c55e486fe52a29f87ca1682979c8d97,MV-2026-10-01,Sheet1!R70 (#67),COLD DRINKS,ICED SHAKEN SALTED,آيس شيكن سولتد,SOURCE-PROVIDED — PENDING OWNER REVIEW,3.50,3500,JOD,true,2026-10-01,,,,,,,,,DUP-04 AR-04 MQ-12,POSSIBLE_DUPLICATE_DUP04,POSSIBLE_DUPLICATE_DUP04 · UNCLEAR_NAME · SUGGESTED_CORRECTION,PENDING OWNER REVIEW,PRESENT IN CURRENT OWNER FILE,ON OFFICIAL MENU MV-2026-10-01,NONE,,,,UNKNOWN,UNKNOWN,ONE SIZE ONLY (D-118),false (D-119),DESCRIPTION MISSING,MISSING,,,2026-10-01,2026-10-01
PRD-00068,FREEZE-READY,CAT-002,OWNER-OFFICIAL-MENU-2026-10-01.xlsx,Sheet1,71,68,dfde223f219443454872e81ae64a1e8d4c55e486fe52a29f87ca1682979c8d97,MV-2026-10-01,Sheet1!R71 (#68),COLD DRINKS,ICED CINAMON NUT LATTE,آيس سينامون نت لاتيه,SOURCE-PROVIDED — PENDING OWNER REVIEW,3.50,3500,JOD,true,2026-10-01,,,,,,ICED CINNAMON NUT LATTE,,,NR-04,SUGGESTED_CORRECTION,SUGGESTED_CORRECTION,PENDING OWNER REVIEW,PRESENT IN CURRENT OWNER FILE,ON OFFICIAL MENU MV-2026-10-01,NONE,,,,UNKNOWN,UNKNOWN,ONE SIZE ONLY (D-118),false (D-119),DESCRIPTION MISSING,MISSING,,,2026-10-01,2026-10-01
PRD-00069,FREEZE-READY,CAT-002,OWNER-OFFICIAL-MENU-2026-10-01.xlsx,Sheet1,72,69,dfde223f219443454872e81ae64a1e8d4c55e486fe52a29f87ca1682979c8d97,MV-2026-10-01,Sheet1!R72 (#69),COLD DRINKS,ICE TEA BERRY,آيس تي بيري,SOURCE-PROVIDED — PENDING OWNER REVIEW,3.00,3000,JOD,true,2026-10-01,,,,,,ICED TEA BERRY,,,NR-07,SUGGESTED_CORRECTION,SUGGESTED_CORRECTION,PENDING OWNER REVIEW,PRESENT IN CURRENT OWNER FILE,ON OFFICIAL MENU MV-2026-10-01,NONE,,,,UNKNOWN,UNKNOWN,ONE SIZE ONLY (D-118),false (D-119),DESCRIPTION MISSING,MISSING,,,2026-10-01,2026-10-01
PRD-00070,FREEZE-READY,CAT-002,OWNER-OFFICIAL-MENU-2026-10-01.xlsx,Sheet1,73,70,dfde223f219443454872e81ae64a1e8d4c55e486fe52a29f87ca1682979c8d97,MV-2026-10-01,Sheet1!R73 (#70),COLD DRINKS,ICE TEA POMGRANATE,آيس تي رمان,SOURCE-PROVIDED — PENDING OWNER REVIEW,3.00,3000,JOD,true,2026-10-01,,,,,,ICED TEA POMEGRANATE,,,NR-07,SUGGESTED_CORRECTION,SUGGESTED_CORRECTION,PENDING OWNER REVIEW,PRESENT IN CURRENT OWNER FILE,ON OFFICIAL MENU MV-2026-10-01,NONE,,,,UNKNOWN,UNKNOWN,ONE SIZE ONLY (D-118),false (D-119),DESCRIPTION MISSING,MISSING,,,2026-10-01,2026-10-01
PRD-00071,FREEZE-READY,CAT-002,OWNER-OFFICIAL-MENU-2026-10-01.xlsx,Sheet1,74,71,dfde223f219443454872e81ae64a1e8d4c55e486fe52a29f87ca1682979c8d97,MV-2026-10-01,Sheet1!R74 (#71),COLD DRINKS,ICE TEA PASSION + PEACH,آيس تي باشن + بيتش,SOURCE-PROVIDED — PENDING OWNER REVIEW,3.25,3250,JOD,true,2026-10-01,,,,,,ICED TEA PASSION + PEACH,,,NR-07,SUGGESTED_CORRECTION,SUGGESTED_CORRECTION,PENDING OWNER REVIEW,PRESENT IN CURRENT OWNER FILE,ON OFFICIAL MENU MV-2026-10-01,NONE,,,,UNKNOWN,UNKNOWN,ONE SIZE ONLY (D-118),false (D-119),DESCRIPTION MISSING,MISSING,,,2026-10-01,2026-10-01
PRD-00072,FREEZE-READY,CAT-002,OWNER-OFFICIAL-MENU-2026-10-01.xlsx,Sheet1,75,72,dfde223f219443454872e81ae64a1e8d4c55e486fe52a29f87ca1682979c8d97,MV-2026-10-01,Sheet1!R75 (#72),COLD DRINKS,ICED TEA PEACH,آيس تي بيتش,SOURCE-PROVIDED — PENDING OWNER REVIEW,3.00,3000,JOD,true,2026-10-01,,,,,,,,,,NO_SOURCE_ISSUE_FOUND,,PENDING OWNER REVIEW,PRESENT IN CURRENT OWNER FILE,ON OFFICIAL MENU MV-2026-10-01,NONE,,,,UNKNOWN,UNKNOWN,ONE SIZE ONLY (D-118),false (D-119),DESCRIPTION MISSING,MISSING,,,2026-10-01,2026-10-01
PRD-00073,FREEZE-READY,CAT-002,OWNER-OFFICIAL-MENU-2026-10-01.xlsx,Sheet1,76,73,dfde223f219443454872e81ae64a1e8d4c55e486fe52a29f87ca1682979c8d97,MV-2026-10-01,Sheet1!R76 (#73),COLD DRINKS,ICED TEA LEMON,آيس تي ليمون,SOURCE-PROVIDED — PENDING OWNER REVIEW,3.00,3000,JOD,true,2026-10-01,,,,,,,,,,NO_SOURCE_ISSUE_FOUND,,PENDING OWNER REVIEW,PRESENT IN CURRENT OWNER FILE,ON OFFICIAL MENU MV-2026-10-01,NONE,,,,UNKNOWN,UNKNOWN,ONE SIZE ONLY (D-118),false (D-119),DESCRIPTION MISSING,MISSING,,,2026-10-01,2026-10-01
PRD-00074,FREEZE-READY,CAT-002,OWNER-OFFICIAL-MENU-2026-10-01.xlsx,Sheet1,77,74,dfde223f219443454872e81ae64a1e8d4c55e486fe52a29f87ca1682979c8d97,MV-2026-10-01,Sheet1!R77 (#74),COLD DRINKS,ICED TEA MIX,آيس تي مكس,SOURCE-PROVIDED — PENDING OWNER REVIEW,3.25,3250,JOD,true,2026-10-01,,,,,,,,,,NO_SOURCE_ISSUE_FOUND,,PENDING OWNER REVIEW,PRESENT IN CURRENT OWNER FILE,ON OFFICIAL MENU MV-2026-10-01,NONE,,,,UNKNOWN,UNKNOWN,ONE SIZE ONLY (D-118),false (D-119),DESCRIPTION MISSING,MISSING,,,2026-10-01,2026-10-01
PRD-00075,FREEZE-READY,CAT-002,OWNER-OFFICIAL-MENU-2026-10-01.xlsx,Sheet1,78,75,dfde223f219443454872e81ae64a1e8d4c55e486fe52a29f87ca1682979c8d97,MV-2026-10-01,Sheet1!R78 (#75),COLD DRINKS,KIDS STRAWBERRY,كيدز فراولة,SOURCE-PROVIDED — PENDING OWNER REVIEW,3.50,3500,JOD,true,2026-10-01,,,,,,,,,,NO_SOURCE_ISSUE_FOUND,,PENDING OWNER REVIEW,PRESENT IN CURRENT OWNER FILE,ON OFFICIAL MENU MV-2026-10-01,NONE,,,,UNKNOWN,UNKNOWN,ONE SIZE ONLY (D-118),false (D-119),DESCRIPTION MISSING,MISSING,,,2026-10-01,2026-10-01
PRD-00076,FREEZE-READY,CAT-003,OWNER-OFFICIAL-MENU-2026-10-01.xlsx,Sheet1,80,76,dfde223f219443454872e81ae64a1e8d4c55e486fe52a29f87ca1682979c8d97,MV-2026-10-01,Sheet1!R80 (#76),FIZZY DRINKS,MOJITO 7 UP,موهيتو سفن أب,SOURCE-PROVIDED — PENDING OWNER REVIEW,3.25,3250,JOD,true,2026-10-01,,,,,,MOJITO 7UP,,,NR-08,SUGGESTED_CORRECTION,SUGGESTED_CORRECTION,PENDING OWNER REVIEW,PRESENT IN CURRENT OWNER FILE,ON OFFICIAL MENU MV-2026-10-01,NONE,,,,UNKNOWN,UNKNOWN,ONE SIZE ONLY (D-118),false (D-119),DESCRIPTION MISSING,MISSING,,,2026-10-01,2026-10-01
PRD-00077,FREEZE-READY,CAT-003,OWNER-OFFICIAL-MENU-2026-10-01.xlsx,Sheet1,81,77,dfde223f219443454872e81ae64a1e8d4c55e486fe52a29f87ca1682979c8d97,MV-2026-10-01,Sheet1!R81 (#77),FIZZY DRINKS,CODE RED,كود رد,SOURCE-PROVIDED — PENDING OWNER REVIEW,2.00,2000,JOD,true,2026-10-01,,,,,,,,,,NO_SOURCE_ISSUE_FOUND,,PENDING OWNER REVIEW,PRESENT IN CURRENT OWNER FILE,ON OFFICIAL MENU MV-2026-10-01,NONE,,,,UNKNOWN,UNKNOWN,ONE SIZE ONLY (D-118),false (D-119),DESCRIPTION MISSING,MISSING,,,2026-10-01,2026-10-01
PRD-00078,FREEZE-READY,CAT-003,OWNER-OFFICIAL-MENU-2026-10-01.xlsx,Sheet1,82,78,dfde223f219443454872e81ae64a1e8d4c55e486fe52a29f87ca1682979c8d97,MV-2026-10-01,Sheet1!R82 (#78),FIZZY DRINKS,RED BULL,ريد بُل,SOURCE-PROVIDED — PENDING OWNER REVIEW,3.00,3000,JOD,true,2026-10-01,,,,,,,,,,NO_SOURCE_ISSUE_FOUND,,PENDING OWNER REVIEW,PRESENT IN CURRENT OWNER FILE,ON OFFICIAL MENU MV-2026-10-01,NONE,,,,UNKNOWN,UNKNOWN,ONE SIZE ONLY (D-118),false (D-119),DESCRIPTION MISSING,MISSING,,,2026-10-01,2026-10-01
PRD-00079,FREEZE-READY,CAT-003,OWNER-OFFICIAL-MENU-2026-10-01.xlsx,Sheet1,83,79,dfde223f219443454872e81ae64a1e8d4c55e486fe52a29f87ca1682979c8d97,MV-2026-10-01,Sheet1!R83 (#79),FIZZY DRINKS,7UP,سفن أب,SOURCE-PROVIDED — PENDING OWNER REVIEW,1.50,1500,JOD,true,2026-10-01,,,,,,,,,,NO_SOURCE_ISSUE_FOUND,,PENDING OWNER REVIEW,PRESENT IN CURRENT OWNER FILE,ON OFFICIAL MENU MV-2026-10-01,NONE,,,,UNKNOWN,UNKNOWN,ONE SIZE ONLY (D-118),false (D-119),DESCRIPTION MISSING,MISSING,,,2026-10-01,2026-10-01
PRD-00080,FREEZE-READY,CAT-003,OWNER-OFFICIAL-MENU-2026-10-01.xlsx,Sheet1,84,80,dfde223f219443454872e81ae64a1e8d4c55e486fe52a29f87ca1682979c8d97,MV-2026-10-01,Sheet1!R84 (#80),FIZZY DRINKS,MINERAL WATER,ماء معدنية,SOURCE-PROVIDED — PENDING OWNER REVIEW,0.50,500,JOD,true,2026-10-01,,,,,,,مياه معدنية,,AR-06 MQ-15,SUGGESTED_CORRECTION,SUGGESTED_CORRECTION,PENDING OWNER REVIEW,PRESENT IN CURRENT OWNER FILE,ON OFFICIAL MENU MV-2026-10-01,NONE,,,,UNKNOWN,UNKNOWN,ONE SIZE ONLY (D-118),false (D-119),DESCRIPTION MISSING,MISSING,,,2026-10-01,2026-10-01
PRD-00081,FREEZE-READY,CAT-003,OWNER-OFFICIAL-MENU-2026-10-01.xlsx,Sheet1,85,81,dfde223f219443454872e81ae64a1e8d4c55e486fe52a29f87ca1682979c8d97,MV-2026-10-01,Sheet1!R85 (#81),FIZZY DRINKS,MOJITO SODA,موهيتو صودا,SOURCE-PROVIDED — PENDING OWNER REVIEW,3.25,3250,JOD,true,2026-10-01,,,,,,,,,,NO_SOURCE_ISSUE_FOUND,,PENDING OWNER REVIEW,PRESENT IN CURRENT OWNER FILE,ON OFFICIAL MENU MV-2026-10-01,NONE,,,,UNKNOWN,UNKNOWN,ONE SIZE ONLY (D-118),false (D-119),DESCRIPTION MISSING,MISSING,,,2026-10-01,2026-10-01
PRD-00082,FREEZE-READY,CAT-003,OWNER-OFFICIAL-MENU-2026-10-01.xlsx,Sheet1,86,82,dfde223f219443454872e81ae64a1e8d4c55e486fe52a29f87ca1682979c8d97,MV-2026-10-01,Sheet1!R86 (#82),FIZZY DRINKS,SHELTER ENERGY CODE RED,شيلتر إنرجي كود رد,SOURCE-PROVIDED — PENDING OWNER REVIEW,2.50,2500,JOD,true,2026-10-01,,,,,,,شلتر إنرجي كود رد,,AR-03,SUGGESTED_CORRECTION,SUGGESTED_CORRECTION,PENDING OWNER REVIEW,PRESENT IN CURRENT OWNER FILE,ON OFFICIAL MENU MV-2026-10-01,NONE,,,,UNKNOWN,UNKNOWN,ONE SIZE ONLY (D-118),false (D-119),DESCRIPTION MISSING,MISSING,,,2026-10-01,2026-10-01
PRD-00083,FREEZE-READY,CAT-003,OWNER-OFFICIAL-MENU-2026-10-01.xlsx,Sheet1,87,83,dfde223f219443454872e81ae64a1e8d4c55e486fe52a29f87ca1682979c8d97,MV-2026-10-01,Sheet1!R87 (#83),FIZZY DRINKS,REDBULL FREE SUGAR,ريد بُل بدون سكر,SOURCE-PROVIDED — PENDING OWNER REVIEW,3.00,3000,JOD,true,2026-10-01,,,,,,RED BULL (SUGAR-FREE),,,NR-02 NR-03,SUGGESTED_CORRECTION,SUGGESTED_CORRECTION,PENDING OWNER REVIEW,PRESENT IN CURRENT OWNER FILE,ON OFFICIAL MENU MV-2026-10-01,NONE,,,,UNKNOWN,UNKNOWN,ONE SIZE ONLY (D-118),false (D-119),DESCRIPTION MISSING,MISSING,,,2026-10-01,2026-10-01
PRD-00084,FREEZE-READY,CAT-003,OWNER-OFFICIAL-MENU-2026-10-01.xlsx,Sheet1,88,84,dfde223f219443454872e81ae64a1e8d4c55e486fe52a29f87ca1682979c8d97,MV-2026-10-01,Sheet1!R88 (#84),FIZZY DRINKS,7UP SHELTER,سفن أب شيلتر,SOURCE-PROVIDED — PENDING OWNER REVIEW,2.00,2000,JOD,true,2026-10-01,,,,,,,سفن أب شلتر,,AR-03,SUGGESTED_CORRECTION,SUGGESTED_CORRECTION,PENDING OWNER REVIEW,PRESENT IN CURRENT OWNER FILE,ON OFFICIAL MENU MV-2026-10-01,NONE,,,,UNKNOWN,UNKNOWN,ONE SIZE ONLY (D-118),false (D-119),DESCRIPTION MISSING,MISSING,,,2026-10-01,2026-10-01
PRD-00085,FREEZE-READY,CAT-003,OWNER-OFFICIAL-MENU-2026-10-01.xlsx,Sheet1,89,85,dfde223f219443454872e81ae64a1e8d4c55e486fe52a29f87ca1682979c8d97,MV-2026-10-01,Sheet1!R89 (#85),FIZZY DRINKS,MOJITO CODE RED,موهيتو كود رد,SOURCE-PROVIDED — PENDING OWNER REVIEW,3.50,3500,JOD,true,2026-10-01,,,,,,,,,,NO_SOURCE_ISSUE_FOUND,,PENDING OWNER REVIEW,PRESENT IN CURRENT OWNER FILE,ON OFFICIAL MENU MV-2026-10-01,NONE,,,,UNKNOWN,UNKNOWN,ONE SIZE ONLY (D-118),false (D-119),DESCRIPTION MISSING,MISSING,,,2026-10-01,2026-10-01
PRD-00086,FREEZE-READY,CAT-003,OWNER-OFFICIAL-MENU-2026-10-01.xlsx,Sheet1,90,86,dfde223f219443454872e81ae64a1e8d4c55e486fe52a29f87ca1682979c8d97,MV-2026-10-01,Sheet1!R90 (#86),FIZZY DRINKS,SHELTER ENERGY RED BULL,شيلتر إنرجي ريد بُل,SOURCE-PROVIDED — PENDING OWNER REVIEW,3.25,3250,JOD,true,2026-10-01,,,,,,,شلتر إنرجي ريد بُل,,AR-03,SUGGESTED_CORRECTION,SUGGESTED_CORRECTION,PENDING OWNER REVIEW,PRESENT IN CURRENT OWNER FILE,ON OFFICIAL MENU MV-2026-10-01,NONE,,,,UNKNOWN,UNKNOWN,ONE SIZE ONLY (D-118),false (D-119),DESCRIPTION MISSING,MISSING,,,2026-10-01,2026-10-01
PRD-00087,FREEZE-READY,CAT-003,OWNER-OFFICIAL-MENU-2026-10-01.xlsx,Sheet1,91,87,dfde223f219443454872e81ae64a1e8d4c55e486fe52a29f87ca1682979c8d97,MV-2026-10-01,Sheet1!R91 (#87),FIZZY DRINKS,MOJITO RED BULL,موهيتو ريد بُل,SOURCE-PROVIDED — PENDING OWNER REVIEW,4.00,4000,JOD,true,2026-10-01,,,,,,,,,,NO_SOURCE_ISSUE_FOUND,,PENDING OWNER REVIEW,PRESENT IN CURRENT OWNER FILE,ON OFFICIAL MENU MV-2026-10-01,NONE,,,,UNKNOWN,UNKNOWN,ONE SIZE ONLY (D-118),false (D-119),DESCRIPTION MISSING,MISSING,,,2026-10-01,2026-10-01
PRD-00088,FREEZE-READY,CAT-003,OWNER-OFFICIAL-MENU-2026-10-01.xlsx,Sheet1,92,88,dfde223f219443454872e81ae64a1e8d4c55e486fe52a29f87ca1682979c8d97,MV-2026-10-01,Sheet1!R92 (#88),FIZZY DRINKS,REDBULL WATERMELON,ريد بُل بطيخ,SOURCE-PROVIDED — PENDING OWNER REVIEW,3.00,3000,JOD,true,2026-10-01,,,,,,RED BULL WATERMELON,,,NR-03,SUGGESTED_CORRECTION,SUGGESTED_CORRECTION,PENDING OWNER REVIEW,PRESENT IN CURRENT OWNER FILE,ON OFFICIAL MENU MV-2026-10-01,NONE,,,,UNKNOWN,UNKNOWN,ONE SIZE ONLY (D-118),false (D-119),DESCRIPTION MISSING,MISSING,,,2026-10-01,2026-10-01
PRD-00089,FREEZE-READY,CAT-003,OWNER-OFFICIAL-MENU-2026-10-01.xlsx,Sheet1,93,89,dfde223f219443454872e81ae64a1e8d4c55e486fe52a29f87ca1682979c8d97,MV-2026-10-01,Sheet1!R93 (#89),FIZZY DRINKS,REDBULL COCONUT,ريد بُل جوز هند,SOURCE-PROVIDED — PENDING OWNER REVIEW,3.00,3000,JOD,true,2026-10-01,,,,,,RED BULL COCONUT,,,NR-03,SUGGESTED_CORRECTION,SUGGESTED_CORRECTION,PENDING OWNER REVIEW,PRESENT IN CURRENT OWNER FILE,ON OFFICIAL MENU MV-2026-10-01,NONE,,,,UNKNOWN,UNKNOWN,ONE SIZE ONLY (D-118),false (D-119),DESCRIPTION MISSING,MISSING,,,2026-10-01,2026-10-01
PRD-00090,FREEZE-READY,CAT-003,OWNER-OFFICIAL-MENU-2026-10-01.xlsx,Sheet1,94,90,dfde223f219443454872e81ae64a1e8d4c55e486fe52a29f87ca1682979c8d97,MV-2026-10-01,Sheet1!R94 (#90),FIZZY DRINKS,SODA SUMMER CRUSH,صودا سامر كراش,SOURCE-PROVIDED — PENDING OWNER REVIEW,2.00,2000,JOD,true,2026-10-01,,,,,,,,,,NO_SOURCE_ISSUE_FOUND,,PENDING OWNER REVIEW,PRESENT IN CURRENT OWNER FILE,ON OFFICIAL MENU MV-2026-10-01,NONE,,,,UNKNOWN,UNKNOWN,ONE SIZE ONLY (D-118),false (D-119),DESCRIPTION MISSING,MISSING,,,2026-10-01,2026-10-01
PRD-00091,FREEZE-READY,CAT-004,OWNER-OFFICIAL-MENU-2026-10-01.xlsx,Sheet1,96,91,dfde223f219443454872e81ae64a1e8d4c55e486fe52a29f87ca1682979c8d97,MV-2026-10-01,Sheet1!R96 (#91),MILKSHAKE,MILKSHAKE VANILIA,ميلك شيك فانيلا,SOURCE-PROVIDED — PENDING OWNER REVIEW,3.50,3500,JOD,true,2026-10-01,,,,,,MILKSHAKE VANILLA,,,NR-01,SUGGESTED_CORRECTION,SUGGESTED_CORRECTION,PENDING OWNER REVIEW,PRESENT IN CURRENT OWNER FILE,ON OFFICIAL MENU MV-2026-10-01,NONE,,,,UNKNOWN,UNKNOWN,ONE SIZE ONLY (D-118),false (D-119),DESCRIPTION MISSING,MISSING,,,2026-10-01,2026-10-01
PRD-00092,FREEZE-READY,CAT-004,OWNER-OFFICIAL-MENU-2026-10-01.xlsx,Sheet1,97,92,dfde223f219443454872e81ae64a1e8d4c55e486fe52a29f87ca1682979c8d97,MV-2026-10-01,Sheet1!R97 (#92),MILKSHAKE,MILKSHAKE OREO,ميلك شيك أوريو,SOURCE-PROVIDED — PENDING OWNER REVIEW,3.50,3500,JOD,true,2026-10-01,,,,,,,,,,NO_SOURCE_ISSUE_FOUND,,PENDING OWNER REVIEW,PRESENT IN CURRENT OWNER FILE,ON OFFICIAL MENU MV-2026-10-01,NONE,,,,UNKNOWN,UNKNOWN,ONE SIZE ONLY (D-118),false (D-119),DESCRIPTION MISSING,MISSING,,,2026-10-01,2026-10-01
PRD-00093,FREEZE-READY,CAT-004,OWNER-OFFICIAL-MENU-2026-10-01.xlsx,Sheet1,98,93,dfde223f219443454872e81ae64a1e8d4c55e486fe52a29f87ca1682979c8d97,MV-2026-10-01,Sheet1!R98 (#93),MILKSHAKE,MILKSHAKE SHELTER,ميلك شيك شيلتر,SOURCE-PROVIDED — PENDING OWNER REVIEW,3.50,3500,JOD,true,2026-10-01,,,,,,,ميلك شيك شلتر,,AR-03,SUGGESTED_CORRECTION,SUGGESTED_CORRECTION,PENDING OWNER REVIEW,PRESENT IN CURRENT OWNER FILE,ON OFFICIAL MENU MV-2026-10-01,NONE,,,,UNKNOWN,UNKNOWN,ONE SIZE ONLY (D-118),false (D-119),DESCRIPTION MISSING,MISSING,,,2026-10-01,2026-10-01
PRD-00094,FREEZE-READY,CAT-004,OWNER-OFFICIAL-MENU-2026-10-01.xlsx,Sheet1,99,94,dfde223f219443454872e81ae64a1e8d4c55e486fe52a29f87ca1682979c8d97,MV-2026-10-01,Sheet1!R99 (#94),MILKSHAKE,MILKSHAKE CARAMEL,ميلك شيك كراميل,SOURCE-PROVIDED — PENDING OWNER REVIEW,3.50,3500,JOD,true,2026-10-01,,,,,,,,,,NO_SOURCE_ISSUE_FOUND,,PENDING OWNER REVIEW,PRESENT IN CURRENT OWNER FILE,ON OFFICIAL MENU MV-2026-10-01,NONE,,,,UNKNOWN,UNKNOWN,ONE SIZE ONLY (D-118),false (D-119),DESCRIPTION MISSING,MISSING,,,2026-10-01,2026-10-01
PRD-00095,FREEZE-READY,CAT-004,OWNER-OFFICIAL-MENU-2026-10-01.xlsx,Sheet1,100,95,dfde223f219443454872e81ae64a1e8d4c55e486fe52a29f87ca1682979c8d97,MV-2026-10-01,Sheet1!R100 (#95),MILKSHAKE,MILKSHAKE PISTACHIO,ميلك شيك فستق,SOURCE-PROVIDED — PENDING OWNER REVIEW,4.00,4000,JOD,true,2026-10-01,,,,,,,,,,NO_SOURCE_ISSUE_FOUND,,PENDING OWNER REVIEW,PRESENT IN CURRENT OWNER FILE,ON OFFICIAL MENU MV-2026-10-01,NONE,,,,UNKNOWN,UNKNOWN,ONE SIZE ONLY (D-118),false (D-119),DESCRIPTION MISSING,MISSING,,,2026-10-01,2026-10-01
PRD-00096,FREEZE-READY,CAT-004,OWNER-OFFICIAL-MENU-2026-10-01.xlsx,Sheet1,101,96,dfde223f219443454872e81ae64a1e8d4c55e486fe52a29f87ca1682979c8d97,MV-2026-10-01,Sheet1!R101 (#96),MILKSHAKE,MILKSHAKE CHOCOLATE,ميلك شيك شوكليت,SOURCE-PROVIDED — PENDING OWNER REVIEW,3.50,3500,JOD,true,2026-10-01,,,,,,,,,,NO_SOURCE_ISSUE_FOUND,,PENDING OWNER REVIEW,PRESENT IN CURRENT OWNER FILE,ON OFFICIAL MENU MV-2026-10-01,NONE,,,,UNKNOWN,UNKNOWN,ONE SIZE ONLY (D-118),false (D-119),DESCRIPTION MISSING,MISSING,,,2026-10-01,2026-10-01
PRD-00097,FREEZE-READY,CAT-004,OWNER-OFFICIAL-MENU-2026-10-01.xlsx,Sheet1,102,97,dfde223f219443454872e81ae64a1e8d4c55e486fe52a29f87ca1682979c8d97,MV-2026-10-01,Sheet1!R102 (#97),MILKSHAKE,MILKSHAKE NUTELLA,ميلك شيك نوتيلا,SOURCE-PROVIDED — PENDING OWNER REVIEW,3.50,3500,JOD,true,2026-10-01,,,,,,,,,,NO_SOURCE_ISSUE_FOUND,,PENDING OWNER REVIEW,PRESENT IN CURRENT OWNER FILE,ON OFFICIAL MENU MV-2026-10-01,NONE,,,,UNKNOWN,UNKNOWN,ONE SIZE ONLY (D-118),false (D-119),DESCRIPTION MISSING,MISSING,,,2026-10-01,2026-10-01
PRD-00098,FREEZE-READY,CAT-004,OWNER-OFFICIAL-MENU-2026-10-01.xlsx,Sheet1,103,98,dfde223f219443454872e81ae64a1e8d4c55e486fe52a29f87ca1682979c8d97,MV-2026-10-01,Sheet1!R103 (#98),MILKSHAKE,MILKSHAKE LOTUS,ميلك شيك لوتس,SOURCE-PROVIDED — PENDING OWNER REVIEW,3.50,3500,JOD,true,2026-10-01,,,,,,,,,,NO_SOURCE_ISSUE_FOUND,,PENDING OWNER REVIEW,PRESENT IN CURRENT OWNER FILE,ON OFFICIAL MENU MV-2026-10-01,NONE,,,,UNKNOWN,UNKNOWN,ONE SIZE ONLY (D-118),false (D-119),DESCRIPTION MISSING,MISSING,,,2026-10-01,2026-10-01
PRD-00099,FREEZE-READY,CAT-004,OWNER-OFFICIAL-MENU-2026-10-01.xlsx,Sheet1,104,99,dfde223f219443454872e81ae64a1e8d4c55e486fe52a29f87ca1682979c8d97,MV-2026-10-01,Sheet1!R104 (#99),MILKSHAKE,MILKSHAKE TWIX,ميلك شيك تويكس,SOURCE-PROVIDED — PENDING OWNER REVIEW,3.50,3500,JOD,true,2026-10-01,,,,,,,,,,NO_SOURCE_ISSUE_FOUND,,PENDING OWNER REVIEW,PRESENT IN CURRENT OWNER FILE,ON OFFICIAL MENU MV-2026-10-01,NONE,,,,UNKNOWN,UNKNOWN,ONE SIZE ONLY (D-118),false (D-119),DESCRIPTION MISSING,MISSING,,,2026-10-01,2026-10-01
PRD-00100,FREEZE-READY,CAT-004,OWNER-OFFICIAL-MENU-2026-10-01.xlsx,Sheet1,105,100,dfde223f219443454872e81ae64a1e8d4c55e486fe52a29f87ca1682979c8d97,MV-2026-10-01,Sheet1!R105 (#100),MILKSHAKE,MILKSHAKE SNICKERS,ميلك شيك سنيكرز,SOURCE-PROVIDED — PENDING OWNER REVIEW,3.50,3500,JOD,true,2026-10-01,,,,,,,,,,NO_SOURCE_ISSUE_FOUND,,PENDING OWNER REVIEW,PRESENT IN CURRENT OWNER FILE,ON OFFICIAL MENU MV-2026-10-01,NONE,,,,UNKNOWN,UNKNOWN,ONE SIZE ONLY (D-118),false (D-119),DESCRIPTION MISSING,MISSING,,,2026-10-01,2026-10-01
PRD-00101,FREEZE-READY,CAT-004,OWNER-OFFICIAL-MENU-2026-10-01.xlsx,Sheet1,106,101,dfde223f219443454872e81ae64a1e8d4c55e486fe52a29f87ca1682979c8d97,MV-2026-10-01,Sheet1!R106 (#101),MILKSHAKE,MILKSHAKE CHEESE CAKE,ميلك شيك تشيز كيك,SOURCE-PROVIDED — PENDING OWNER REVIEW,3.50,3500,JOD,true,2026-10-01,,,,,,MILKSHAKE CHEESECAKE,,,NR-18,SUGGESTED_CORRECTION,SUGGESTED_CORRECTION,PENDING OWNER REVIEW,PRESENT IN CURRENT OWNER FILE,ON OFFICIAL MENU MV-2026-10-01,NONE,,,,UNKNOWN,UNKNOWN,ONE SIZE ONLY (D-118),false (D-119),DESCRIPTION MISSING,MISSING,,,2026-10-01,2026-10-01
PRD-00102,FREEZE-READY,CAT-004,OWNER-OFFICIAL-MENU-2026-10-01.xlsx,Sheet1,107,102,dfde223f219443454872e81ae64a1e8d4c55e486fe52a29f87ca1682979c8d97,MV-2026-10-01,Sheet1!R107 (#102),MILKSHAKE,MILKSHAKE CROCCANTE,ميلك شيك كروكانتي,SOURCE-PROVIDED — PENDING OWNER REVIEW,3.50,3500,JOD,true,2026-10-01,,,,,,,,,,NO_SOURCE_ISSUE_FOUND,,PENDING OWNER REVIEW,PRESENT IN CURRENT OWNER FILE,ON OFFICIAL MENU MV-2026-10-01,NONE,,,,UNKNOWN,UNKNOWN,ONE SIZE ONLY (D-118),false (D-119),DESCRIPTION MISSING,MISSING,,,2026-10-01,2026-10-01
PRD-00103,FREEZE-READY,CAT-004,OWNER-OFFICIAL-MENU-2026-10-01.xlsx,Sheet1,108,103,dfde223f219443454872e81ae64a1e8d4c55e486fe52a29f87ca1682979c8d97,MV-2026-10-01,Sheet1!R108 (#103),MILKSHAKE,MILKSHAKE SALTED CARAMEL,ميلك شيك سولتد كراميل,SOURCE-PROVIDED — PENDING OWNER REVIEW,3.50,3500,JOD,true,2026-10-01,,,,,,,,,,NO_SOURCE_ISSUE_FOUND,,PENDING OWNER REVIEW,PRESENT IN CURRENT OWNER FILE,ON OFFICIAL MENU MV-2026-10-01,NONE,,,,UNKNOWN,UNKNOWN,ONE SIZE ONLY (D-118),false (D-119),DESCRIPTION MISSING,MISSING,,,2026-10-01,2026-10-01
PRD-00104,FREEZE-READY,CAT-004,OWNER-OFFICIAL-MENU-2026-10-01.xlsx,Sheet1,109,104,dfde223f219443454872e81ae64a1e8d4c55e486fe52a29f87ca1682979c8d97,MV-2026-10-01,Sheet1!R109 (#104),MILKSHAKE,MILKSHAKE FERRERO,ميلك شيك فيريرو,SOURCE-PROVIDED — PENDING OWNER REVIEW,3.50,3500,JOD,true,2026-10-01,,,,,,,,,,NO_SOURCE_ISSUE_FOUND,,PENDING OWNER REVIEW,PRESENT IN CURRENT OWNER FILE,ON OFFICIAL MENU MV-2026-10-01,NONE,,,,UNKNOWN,UNKNOWN,ONE SIZE ONLY (D-118),false (D-119),DESCRIPTION MISSING,MISSING,,,2026-10-01,2026-10-01
PRD-00105,FREEZE-READY,CAT-004,OWNER-OFFICIAL-MENU-2026-10-01.xlsx,Sheet1,110,105,dfde223f219443454872e81ae64a1e8d4c55e486fe52a29f87ca1682979c8d97,MV-2026-10-01,Sheet1!R110 (#105),MILKSHAKE,MILKSHAKE BAJ,ميلك شيك بَج,SOURCE-PROVIDED — PENDING OWNER REVIEW,3.75,3750,JOD,true,2026-10-01,,,,,,,,,MQ-12,UNCLEAR_NAME,UNCLEAR_NAME,PENDING OWNER REVIEW,PRESENT IN CURRENT OWNER FILE,ON OFFICIAL MENU MV-2026-10-01,NONE,,,,UNKNOWN,UNKNOWN,ONE SIZE ONLY (D-118),false (D-119),DESCRIPTION MISSING,MISSING,,,2026-10-01,2026-10-01
PRD-00106,FREEZE-READY,CAT-004,OWNER-OFFICIAL-MENU-2026-10-01.xlsx,Sheet1,111,106,dfde223f219443454872e81ae64a1e8d4c55e486fe52a29f87ca1682979c8d97,MV-2026-10-01,Sheet1!R111 (#106),MILKSHAKE,MILKSHAKE FERRERO NUTELLA,ميلك شيك فيريرو نوتيلا,SOURCE-PROVIDED — PENDING OWNER REVIEW,4.00,4000,JOD,true,2026-10-01,,,,,,,,,,NO_SOURCE_ISSUE_FOUND,,PENDING OWNER REVIEW,PRESENT IN CURRENT OWNER FILE,ON OFFICIAL MENU MV-2026-10-01,NONE,,,,UNKNOWN,UNKNOWN,ONE SIZE ONLY (D-118),false (D-119),DESCRIPTION MISSING,MISSING,,,2026-10-01,2026-10-01
PRD-00107,FREEZE-READY,CAT-004,OWNER-OFFICIAL-MENU-2026-10-01.xlsx,Sheet1,112,107,dfde223f219443454872e81ae64a1e8d4c55e486fe52a29f87ca1682979c8d97,MV-2026-10-01,Sheet1!R112 (#107),MILKSHAKE,MILKSHAKE ASH BERRY,ميلك شيك آش بيري,SOURCE-PROVIDED — PENDING OWNER REVIEW,3.75,3750,JOD,true,2026-10-01,,,,,,,,,MQ-12,UNCLEAR_NAME,UNCLEAR_NAME,PENDING OWNER REVIEW,PRESENT IN CURRENT OWNER FILE,ON OFFICIAL MENU MV-2026-10-01,NONE,,,,UNKNOWN,UNKNOWN,ONE SIZE ONLY (D-118),false (D-119),DESCRIPTION MISSING,MISSING,,,2026-10-01,2026-10-01
PRD-00108,FREEZE-READY,CAT-004,OWNER-OFFICIAL-MENU-2026-10-01.xlsx,Sheet1,113,108,dfde223f219443454872e81ae64a1e8d4c55e486fe52a29f87ca1682979c8d97,MV-2026-10-01,Sheet1!R113 (#108),MILKSHAKE,MILKSHAKE STRAWBERRY,ميلك شيك فراولة,SOURCE-PROVIDED — PENDING OWNER REVIEW,3.75,3750,JOD,true,2026-10-01,,,,,,,,,,NO_SOURCE_ISSUE_FOUND,,PENDING OWNER REVIEW,PRESENT IN CURRENT OWNER FILE,ON OFFICIAL MENU MV-2026-10-01,NONE,,,,UNKNOWN,UNKNOWN,ONE SIZE ONLY (D-118),false (D-119),DESCRIPTION MISSING,MISSING,,,2026-10-01,2026-10-01
PRD-00109,FREEZE-READY,CAT-004,OWNER-OFFICIAL-MENU-2026-10-01.xlsx,Sheet1,114,109,dfde223f219443454872e81ae64a1e8d4c55e486fe52a29f87ca1682979c8d97,MV-2026-10-01,Sheet1!R114 (#109),MILKSHAKE,MILKSHAKE BLUEBERRY,ميلك شيك بلوبيري,SOURCE-PROVIDED — PENDING OWNER REVIEW,3.75,3750,JOD,true,2026-10-01,,,,,,,,,,NO_SOURCE_ISSUE_FOUND,,PENDING OWNER REVIEW,PRESENT IN CURRENT OWNER FILE,ON OFFICIAL MENU MV-2026-10-01,NONE,,,,UNKNOWN,UNKNOWN,ONE SIZE ONLY (D-118),false (D-119),DESCRIPTION MISSING,MISSING,,,2026-10-01,2026-10-01
PRD-00110,FREEZE-READY,CAT-004,OWNER-OFFICIAL-MENU-2026-10-01.xlsx,Sheet1,115,110,dfde223f219443454872e81ae64a1e8d4c55e486fe52a29f87ca1682979c8d97,MV-2026-10-01,Sheet1!R115 (#110),MILKSHAKE,MILKSHAKE OWAR QALB,ميلك شيك عَوَر قلب,SOURCE-PROVIDED — PENDING OWNER REVIEW,3.75,3750,JOD,true,2026-10-01,,,,,,,,,,NO_SOURCE_ISSUE_FOUND,,PENDING OWNER REVIEW,PRESENT IN CURRENT OWNER FILE,ON OFFICIAL MENU MV-2026-10-01,NONE,,,,UNKNOWN,UNKNOWN,ONE SIZE ONLY (D-118),false (D-119),DESCRIPTION MISSING,MISSING,,,2026-10-01,2026-10-01
PRD-00111,FREEZE-READY,CAT-004,OWNER-OFFICIAL-MENU-2026-10-01.xlsx,Sheet1,116,111,dfde223f219443454872e81ae64a1e8d4c55e486fe52a29f87ca1682979c8d97,MV-2026-10-01,Sheet1!R116 (#111),MILKSHAKE,MILKSHAKE MIXBERRY,ميلك شيك مكس بيري,SOURCE-PROVIDED — PENDING OWNER REVIEW,3.75,3750,JOD,true,2026-10-01,,,,,,,,,,NO_SOURCE_ISSUE_FOUND,,PENDING OWNER REVIEW,PRESENT IN CURRENT OWNER FILE,ON OFFICIAL MENU MV-2026-10-01,NONE,,,,UNKNOWN,UNKNOWN,ONE SIZE ONLY (D-118),false (D-119),DESCRIPTION MISSING,MISSING,,,2026-10-01,2026-10-01
PRD-00112,FREEZE-READY,CAT-005,OWNER-OFFICIAL-MENU-2026-10-01.xlsx,Sheet1,118,112,dfde223f219443454872e81ae64a1e8d4c55e486fe52a29f87ca1682979c8d97,MV-2026-10-01,Sheet1!R118 (#112),SMOOTHIES,SMOOTHIES ORANGE,سموذي برتقال,SOURCE-PROVIDED — PENDING OWNER REVIEW,3.50,3500,JOD,true,2026-10-01,,,,,,SMOOTHIE ORANGE,,,NR-09,SUGGESTED_CORRECTION,SUGGESTED_CORRECTION,PENDING OWNER REVIEW,PRESENT IN CURRENT OWNER FILE,ON OFFICIAL MENU MV-2026-10-01,NONE,,,,UNKNOWN,UNKNOWN,ONE SIZE ONLY (D-118),false (D-119),DESCRIPTION MISSING,MISSING,,,2026-10-01,2026-10-01
PRD-00113,FREEZE-READY,CAT-005,OWNER-OFFICIAL-MENU-2026-10-01.xlsx,Sheet1,119,113,dfde223f219443454872e81ae64a1e8d4c55e486fe52a29f87ca1682979c8d97,MV-2026-10-01,Sheet1!R119 (#113),SMOOTHIES,SMOOTHIE MANGO,سموذي مانجو,SOURCE-PROVIDED — PENDING OWNER REVIEW,3.50,3500,JOD,true,2026-10-01,,,,,,,,,,NO_SOURCE_ISSUE_FOUND,,PENDING OWNER REVIEW,PRESENT IN CURRENT OWNER FILE,ON OFFICIAL MENU MV-2026-10-01,NONE,,,,UNKNOWN,UNKNOWN,ONE SIZE ONLY (D-118),false (D-119),DESCRIPTION MISSING,MISSING,,,2026-10-01,2026-10-01
PRD-00114,FREEZE-READY,CAT-005,OWNER-OFFICIAL-MENU-2026-10-01.xlsx,Sheet1,120,114,dfde223f219443454872e81ae64a1e8d4c55e486fe52a29f87ca1682979c8d97,MV-2026-10-01,Sheet1!R120 (#114),SMOOTHIES,SMOOTHIES LEMON,سموذي ليمون,SOURCE-PROVIDED — PENDING OWNER REVIEW,3.50,3500,JOD,true,2026-10-01,,,,,,SMOOTHIE LEMON,,,NR-09,SUGGESTED_CORRECTION,SUGGESTED_CORRECTION,PENDING OWNER REVIEW,PRESENT IN CURRENT OWNER FILE,ON OFFICIAL MENU MV-2026-10-01,NONE,,,,UNKNOWN,UNKNOWN,ONE SIZE ONLY (D-118),false (D-119),DESCRIPTION MISSING,MISSING,,,2026-10-01,2026-10-01
PRD-00115,FREEZE-READY — MERGE SURVIVOR (بعد اعتماد خطة الدمج),CAT-005,OWNER-OFFICIAL-MENU-2026-10-01.xlsx,Sheet1,121,115,dfde223f219443454872e81ae64a1e8d4c55e486fe52a29f87ca1682979c8d97,MV-2026-10-01,"Sheet1!R121 (#115) + Sheet1!R126 (#120) [PLANNED MERGE, D-110]",SMOOTHIES,SMOOTHIE PINAPPLE LMN STRWBERY,سموذي أناناس + ليمون + فراولة,SOURCE-PROVIDED — PENDING OWNER REVIEW,3.50,3500,JOD,true,2026-10-01,,,,,,SMOOTHIE PINEAPPLE + LEMON + STRAWBERRY,,,NR-10 DUP-01,MERGE_PLANNED_DUP01,MERGE_PLANNED_DUP01 · SUGGESTED_CORRECTION,PENDING OWNER REVIEW,PRESENT IN CURRENT OWNER FILE,ON OFFICIAL MENU MV-2026-10-01,SURVIVOR — يستقبل PRD-00120,,,,UNKNOWN,UNKNOWN,ONE SIZE ONLY (D-118),false (D-119),DESCRIPTION MISSING,MISSING,,,2026-10-01,2026-10-01
PRD-00116,FREEZE-READY,CAT-005,OWNER-OFFICIAL-MENU-2026-10-01.xlsx,Sheet1,122,116,dfde223f219443454872e81ae64a1e8d4c55e486fe52a29f87ca1682979c8d97,MV-2026-10-01,Sheet1!R122 (#116),SMOOTHIES,SMOOTHIE STRAWBERRY,سموذي فراولة,SOURCE-PROVIDED — PENDING OWNER REVIEW,3.50,3500,JOD,true,2026-10-01,,,,,,,,,,NO_SOURCE_ISSUE_FOUND,,PENDING OWNER REVIEW,PRESENT IN CURRENT OWNER FILE,ON OFFICIAL MENU MV-2026-10-01,NONE,,,,UNKNOWN,UNKNOWN,ONE SIZE ONLY (D-118),false (D-119),DESCRIPTION MISSING,MISSING,,,2026-10-01,2026-10-01
PRD-00117,FREEZE-READY,CAT-005,OWNER-OFFICIAL-MENU-2026-10-01.xlsx,Sheet1,123,117,dfde223f219443454872e81ae64a1e8d4c55e486fe52a29f87ca1682979c8d97,MV-2026-10-01,Sheet1!R123 (#117),SMOOTHIES,SMOOTHIE ORANGE_PASSION,سموذي برتقال + باشن,SOURCE-PROVIDED — PENDING OWNER REVIEW,3.50,3500,JOD,true,2026-10-01,,,,,,SMOOTHIE ORANGE + PASSION,,,NR-10,SUGGESTED_CORRECTION,SUGGESTED_CORRECTION,PENDING OWNER REVIEW,PRESENT IN CURRENT OWNER FILE,ON OFFICIAL MENU MV-2026-10-01,NONE,,,,UNKNOWN,UNKNOWN,ONE SIZE ONLY (D-118),false (D-119),DESCRIPTION MISSING,MISSING,,,2026-10-01,2026-10-01
PRD-00118,FREEZE-READY,CAT-005,OWNER-OFFICIAL-MENU-2026-10-01.xlsx,Sheet1,124,118,dfde223f219443454872e81ae64a1e8d4c55e486fe52a29f87ca1682979c8d97,MV-2026-10-01,Sheet1!R124 (#118),SMOOTHIES,SMOOTHIE MANGO STRWBERRY,سموذي مانجو + فراولة,SOURCE-PROVIDED — PENDING OWNER REVIEW,3.50,3500,JOD,true,2026-10-01,,,,,,SMOOTHIE MANGO + STRAWBERRY,,,NR-10,SUGGESTED_CORRECTION,SUGGESTED_CORRECTION,PENDING OWNER REVIEW,PRESENT IN CURRENT OWNER FILE,ON OFFICIAL MENU MV-2026-10-01,NONE,,,,UNKNOWN,UNKNOWN,ONE SIZE ONLY (D-118),false (D-119),DESCRIPTION MISSING,MISSING,,,2026-10-01,2026-10-01
PRD-00119,FREEZE-READY,CAT-005,OWNER-OFFICIAL-MENU-2026-10-01.xlsx,Sheet1,125,119,dfde223f219443454872e81ae64a1e8d4c55e486fe52a29f87ca1682979c8d97,MV-2026-10-01,Sheet1!R125 (#119),SMOOTHIES,SMOOTHIE LEMON MINT,سموذي ليمون نعناع,SOURCE-PROVIDED — PENDING OWNER REVIEW,3.50,3500,JOD,true,2026-10-01,,,,,,,,,,NO_SOURCE_ISSUE_FOUND,,PENDING OWNER REVIEW,PRESENT IN CURRENT OWNER FILE,ON OFFICIAL MENU MV-2026-10-01,NONE,,,,UNKNOWN,UNKNOWN,ONE SIZE ONLY (D-118),false (D-119),DESCRIPTION MISSING,MISSING,,,2026-10-01,2026-10-01
PRD-00120,RETIRED — MERGE PLANNED INTO PRD-00115 (ID محفوظ ولا يُعاد استخدامه),CAT-005,OWNER-OFFICIAL-MENU-2026-10-01.xlsx,Sheet1,126,120,dfde223f219443454872e81ae64a1e8d4c55e486fe52a29f87ca1682979c8d97,MV-2026-10-01,Sheet1!R126 (#120),SMOOTHIES,SMOOTHIES PINA-STRAW-LEMON,سموذي أناناس + فراولة + ليمون,SOURCE-PROVIDED — PENDING OWNER REVIEW,3.50,3500,JOD,true,2026-10-01,,,,,,SMOOTHIE PINEAPPLE + STRAWBERRY + LEMON,,,NR-09 NR-10 DUP-01,MERGE_PLANNED_DUP01,MERGE_PLANNED_DUP01 · SUGGESTED_CORRECTION,PENDING OWNER REVIEW,PRESENT IN CURRENT OWNER FILE,ON OFFICIAL MENU MV-2026-10-01,PLANNED,PRD-00115 (PLANNED),,,UNKNOWN,UNKNOWN,ONE SIZE ONLY (D-118),false (D-119),DESCRIPTION MISSING,MISSING,,,2026-10-01,2026-10-01
PRD-00121,FREEZE-READY,CAT-005,OWNER-OFFICIAL-MENU-2026-10-01.xlsx,Sheet1,127,121,dfde223f219443454872e81ae64a1e8d4c55e486fe52a29f87ca1682979c8d97,MV-2026-10-01,Sheet1!R127 (#121),SMOOTHIES,SMOOTHIES BLUEBERRY,سموذي بلوبيري,SOURCE-PROVIDED — PENDING OWNER REVIEW,3.50,3500,JOD,true,2026-10-01,,,,,,SMOOTHIE BLUEBERRY,,,NR-09,SUGGESTED_CORRECTION,SUGGESTED_CORRECTION,PENDING OWNER REVIEW,PRESENT IN CURRENT OWNER FILE,ON OFFICIAL MENU MV-2026-10-01,NONE,,,,UNKNOWN,UNKNOWN,ONE SIZE ONLY (D-118),false (D-119),DESCRIPTION MISSING,MISSING,,,2026-10-01,2026-10-01
PRD-00122,FREEZE-READY,CAT-005,OWNER-OFFICIAL-MENU-2026-10-01.xlsx,Sheet1,128,122,dfde223f219443454872e81ae64a1e8d4c55e486fe52a29f87ca1682979c8d97,MV-2026-10-01,Sheet1!R128 (#122),SMOOTHIES,SMOOTHIES KIWI,سموذي كيوي,SOURCE-PROVIDED — PENDING OWNER REVIEW,3.50,3500,JOD,true,2026-10-01,,,,,,SMOOTHIE KIWI,,,NR-09,SUGGESTED_CORRECTION,SUGGESTED_CORRECTION,PENDING OWNER REVIEW,PRESENT IN CURRENT OWNER FILE,ON OFFICIAL MENU MV-2026-10-01,NONE,,,,UNKNOWN,UNKNOWN,ONE SIZE ONLY (D-118),false (D-119),DESCRIPTION MISSING,MISSING,,,2026-10-01,2026-10-01
PRD-00123,FREEZE-READY,CAT-005,OWNER-OFFICIAL-MENU-2026-10-01.xlsx,Sheet1,129,123,dfde223f219443454872e81ae64a1e8d4c55e486fe52a29f87ca1682979c8d97,MV-2026-10-01,Sheet1!R129 (#123),SMOOTHIES,SMOOTHIES PINAPPLE,سموذي أناناس,SOURCE-PROVIDED — PENDING OWNER REVIEW,3.50,3500,JOD,true,2026-10-01,,,,,,SMOOTHIE PINEAPPLE,,,NR-09 NR-10,SUGGESTED_CORRECTION,SUGGESTED_CORRECTION,PENDING OWNER REVIEW,PRESENT IN CURRENT OWNER FILE,ON OFFICIAL MENU MV-2026-10-01,NONE,,,,UNKNOWN,UNKNOWN,ONE SIZE ONLY (D-118),false (D-119),DESCRIPTION MISSING,MISSING,,,2026-10-01,2026-10-01
PRD-00124,FREEZE-READY,CAT-005,OWNER-OFFICIAL-MENU-2026-10-01.xlsx,Sheet1,130,124,dfde223f219443454872e81ae64a1e8d4c55e486fe52a29f87ca1682979c8d97,MV-2026-10-01,Sheet1!R130 (#124),SMOOTHIES,SMOOTHIES MIXBERRY,سموذي مكس بيري,SOURCE-PROVIDED — PENDING OWNER REVIEW,3.50,3500,JOD,true,2026-10-01,,,,,,SMOOTHIE MIXBERRY,,,NR-09,SUGGESTED_CORRECTION,SUGGESTED_CORRECTION,PENDING OWNER REVIEW,PRESENT IN CURRENT OWNER FILE,ON OFFICIAL MENU MV-2026-10-01,NONE,,,,UNKNOWN,UNKNOWN,ONE SIZE ONLY (D-118),false (D-119),DESCRIPTION MISSING,MISSING,,,2026-10-01,2026-10-01
PRD-00125,FREEZE-READY,CAT-005,OWNER-OFFICIAL-MENU-2026-10-01.xlsx,Sheet1,131,125,dfde223f219443454872e81ae64a1e8d4c55e486fe52a29f87ca1682979c8d97,MV-2026-10-01,Sheet1!R131 (#125),SMOOTHIES,SMOOTHIES PEACH,سموذي خوخ,SOURCE-PROVIDED — PENDING OWNER REVIEW,3.50,3500,JOD,true,2026-10-01,,,,,,SMOOTHIE PEACH,,,NR-09,SUGGESTED_CORRECTION,SUGGESTED_CORRECTION,PENDING OWNER REVIEW,PRESENT IN CURRENT OWNER FILE,ON OFFICIAL MENU MV-2026-10-01,NONE,,,,UNKNOWN,UNKNOWN,ONE SIZE ONLY (D-118),false (D-119),DESCRIPTION MISSING,MISSING,,,2026-10-01,2026-10-01
PRD-00126,FREEZE-READY,CAT-005,OWNER-OFFICIAL-MENU-2026-10-01.xlsx,Sheet1,132,126,dfde223f219443454872e81ae64a1e8d4c55e486fe52a29f87ca1682979c8d97,MV-2026-10-01,Sheet1!R132 (#126),SMOOTHIES,STRW_MANGO PASSION,فراولة + مانجو + باشن,SOURCE-PROVIDED — PENDING OWNER REVIEW,3.50,3500,JOD,true,2026-10-01,,,,,,SMOOTHIE STRAWBERRY + MANGO + PASSION,سموذي فراولة + مانجو + باشن,,NR-09 NR-10 AR-07,SUGGESTED_CORRECTION,SUGGESTED_CORRECTION,PENDING OWNER REVIEW,PRESENT IN CURRENT OWNER FILE,ON OFFICIAL MENU MV-2026-10-01,NONE,,,,UNKNOWN,UNKNOWN,ONE SIZE ONLY (D-118),false (D-119),DESCRIPTION MISSING,MISSING,,,2026-10-01,2026-10-01
PRD-00127,FREEZE-READY,CAT-005,OWNER-OFFICIAL-MENU-2026-10-01.xlsx,Sheet1,133,127,dfde223f219443454872e81ae64a1e8d4c55e486fe52a29f87ca1682979c8d97,MV-2026-10-01,Sheet1!R133 (#127),SMOOTHIES,LEMON_KIWI,ليمون + كيوي,SOURCE-PROVIDED — PENDING OWNER REVIEW,3.50,3500,JOD,true,2026-10-01,,,,,,SMOOTHIE LEMON + KIWI,سموذي ليمون + كيوي,,NR-09 NR-10 AR-07,SUGGESTED_CORRECTION,SUGGESTED_CORRECTION,PENDING OWNER REVIEW,PRESENT IN CURRENT OWNER FILE,ON OFFICIAL MENU MV-2026-10-01,NONE,,,,UNKNOWN,UNKNOWN,ONE SIZE ONLY (D-118),false (D-119),DESCRIPTION MISSING,MISSING,,,2026-10-01,2026-10-01
PRD-00128,FREEZE-READY,CAT-005,OWNER-OFFICIAL-MENU-2026-10-01.xlsx,Sheet1,134,128,dfde223f219443454872e81ae64a1e8d4c55e486fe52a29f87ca1682979c8d97,MV-2026-10-01,Sheet1!R134 (#128),SMOOTHIES,SMOOTHIE PASSION,سموذي باشن,SOURCE-PROVIDED — PENDING OWNER REVIEW,3.50,3500,JOD,true,2026-10-01,,,,,,,,,,NO_SOURCE_ISSUE_FOUND,,PENDING OWNER REVIEW,PRESENT IN CURRENT OWNER FILE,ON OFFICIAL MENU MV-2026-10-01,NONE,,,,UNKNOWN,UNKNOWN,ONE SIZE ONLY (D-118),false (D-119),DESCRIPTION MISSING,MISSING,,,2026-10-01,2026-10-01
PRD-00129,FREEZE-READY,CAT-005,OWNER-OFFICIAL-MENU-2026-10-01.xlsx,Sheet1,135,129,dfde223f219443454872e81ae64a1e8d4c55e486fe52a29f87ca1682979c8d97,MV-2026-10-01,Sheet1!R135 (#129),SMOOTHIES,SMOOTHES PASSION+PINAPPLE+BA,سموذي باشن + أناناس + مانجو,SOURCE-PROVIDED — PENDING OWNER REVIEW,3.50,3500,JOD,true,2026-10-01,,SMOOTHES PASSION+PINAPPLE+MANGO,,,,SMOOTHIE PASSION + PINEAPPLE + MANGO,,الفاكهة الثالثة = MANGO (D-114),NR-09 NR-10 P129,SUGGESTED_CORRECTION,SUGGESTED_CORRECTION · SOURCE_CONFLICT_RESOLVED_BY_OWNER,PENDING OWNER REVIEW,PRESENT IN CURRENT OWNER FILE,ON OFFICIAL MENU MV-2026-10-01,NONE,,,,UNKNOWN,UNKNOWN,ONE SIZE ONLY (D-118),false (D-119),DESCRIPTION MISSING,MISSING,,,2026-10-01,2026-10-01
PRD-00130,FREEZE-READY,CAT-005,OWNER-OFFICIAL-MENU-2026-10-01.xlsx,Sheet1,136,130,dfde223f219443454872e81ae64a1e8d4c55e486fe52a29f87ca1682979c8d97,MV-2026-10-01,Sheet1!R136 (#130),SMOOTHIES,SMOOTHES MANGO+PINAPPLE+ORANGE,سموذي مانجو + أناناس + برتقال,SOURCE-PROVIDED — PENDING OWNER REVIEW,3.50,3500,JOD,true,2026-10-01,,,,,,SMOOTHIE MANGO + PINEAPPLE + ORANGE,,,NR-09 NR-10,SUGGESTED_CORRECTION,SUGGESTED_CORRECTION,PENDING OWNER REVIEW,PRESENT IN CURRENT OWNER FILE,ON OFFICIAL MENU MV-2026-10-01,NONE,,,,UNKNOWN,UNKNOWN,ONE SIZE ONLY (D-118),false (D-119),DESCRIPTION MISSING,MISSING,,,2026-10-01,2026-10-01
PRD-00131,FREEZE-READY,CAT-005,OWNER-OFFICIAL-MENU-2026-10-01.xlsx,Sheet1,137,131,dfde223f219443454872e81ae64a1e8d4c55e486fe52a29f87ca1682979c8d97,MV-2026-10-01,Sheet1!R137 (#131),SMOOTHIES,SMOOTHES BERRY MINT,سموذي بيري نعناع,SOURCE-PROVIDED — PENDING OWNER REVIEW,3.50,3500,JOD,true,2026-10-01,,,,,,SMOOTHIE BERRY MINT,,,NR-09,SUGGESTED_CORRECTION,SUGGESTED_CORRECTION,PENDING OWNER REVIEW,PRESENT IN CURRENT OWNER FILE,ON OFFICIAL MENU MV-2026-10-01,NONE,,,,UNKNOWN,UNKNOWN,ONE SIZE ONLY (D-118),false (D-119),DESCRIPTION MISSING,MISSING,,,2026-10-01,2026-10-01
PRD-00132,FREEZE-READY,CAT-005,OWNER-OFFICIAL-MENU-2026-10-01.xlsx,Sheet1,138,132,dfde223f219443454872e81ae64a1e8d4c55e486fe52a29f87ca1682979c8d97,MV-2026-10-01,Sheet1!R138 (#132),SMOOTHIES,SMOOTHES MANGO + PINAPPLE,سموذي مانجو + أناناس,SOURCE-PROVIDED — PENDING OWNER REVIEW,3.50,3500,JOD,true,2026-10-01,,,,,,SMOOTHIE MANGO + PINEAPPLE,,,NR-09 NR-10,SUGGESTED_CORRECTION,SUGGESTED_CORRECTION,PENDING OWNER REVIEW,PRESENT IN CURRENT OWNER FILE,ON OFFICIAL MENU MV-2026-10-01,NONE,,,,UNKNOWN,UNKNOWN,ONE SIZE ONLY (D-118),false (D-119),DESCRIPTION MISSING,MISSING,,,2026-10-01,2026-10-01
PRD-00133,FREEZE-READY,CAT-005,OWNER-OFFICIAL-MENU-2026-10-01.xlsx,Sheet1,139,133,dfde223f219443454872e81ae64a1e8d4c55e486fe52a29f87ca1682979c8d97,MV-2026-10-01,Sheet1!R139 (#133),SMOOTHIES,SMOOTHES STRAWBERRY+PASSION,سموذي فراولة + باشن,SOURCE-PROVIDED — PENDING OWNER REVIEW,3.50,3500,JOD,true,2026-10-01,,,,,,SMOOTHIE STRAWBERRY + PASSION,,,NR-09,SUGGESTED_CORRECTION,SUGGESTED_CORRECTION,PENDING OWNER REVIEW,PRESENT IN CURRENT OWNER FILE,ON OFFICIAL MENU MV-2026-10-01,NONE,,,,UNKNOWN,UNKNOWN,ONE SIZE ONLY (D-118),false (D-119),DESCRIPTION MISSING,MISSING,,,2026-10-01,2026-10-01
PRD-00134,FREEZE-READY,CAT-005,OWNER-OFFICIAL-MENU-2026-10-01.xlsx,Sheet1,140,134,dfde223f219443454872e81ae64a1e8d4c55e486fe52a29f87ca1682979c8d97,MV-2026-10-01,Sheet1!R140 (#134),SMOOTHIES,SMOOTHES MANGO+PASSION,سموذي مانجو + باشن,SOURCE-PROVIDED — PENDING OWNER REVIEW,3.50,3500,JOD,true,2026-10-01,,,,,,SMOOTHIE MANGO + PASSION,,,NR-09,SUGGESTED_CORRECTION,SUGGESTED_CORRECTION,PENDING OWNER REVIEW,PRESENT IN CURRENT OWNER FILE,ON OFFICIAL MENU MV-2026-10-01,NONE,,,,UNKNOWN,UNKNOWN,ONE SIZE ONLY (D-118),false (D-119),DESCRIPTION MISSING,MISSING,,,2026-10-01,2026-10-01
PRD-00135,FREEZE-READY,CAT-005,OWNER-OFFICIAL-MENU-2026-10-01.xlsx,Sheet1,141,135,dfde223f219443454872e81ae64a1e8d4c55e486fe52a29f87ca1682979c8d97,MV-2026-10-01,Sheet1!R141 (#135),SMOOTHIES,ORANGE JUICE,عصير برتقال,SOURCE-PROVIDED — PENDING OWNER REVIEW,3.50,3500,JOD,true,2026-10-01,,,,,,,,,MQ-15,NO_SOURCE_ISSUE_FOUND,,PENDING OWNER REVIEW,PRESENT IN CURRENT OWNER FILE,ON OFFICIAL MENU MV-2026-10-01,NONE,,,,UNKNOWN,UNKNOWN,ONE SIZE ONLY (D-118),false (D-119),DESCRIPTION MISSING,MISSING,,,2026-10-01,2026-10-01
PRD-00136,FREEZE-READY,CAT-006,OWNER-OFFICIAL-MENU-2026-10-01.xlsx,Sheet1,143,136,dfde223f219443454872e81ae64a1e8d4c55e486fe52a29f87ca1682979c8d97,MV-2026-10-01,Sheet1!R143 (#136),FRAPPE,FRAPE VANILIA,فرابيه فانيلا,SOURCE-PROVIDED — PENDING OWNER REVIEW,3.50,3500,JOD,true,2026-10-01,,,,,,FRAPPE VANILLA,,,NR-11 NR-01,SUGGESTED_CORRECTION,SUGGESTED_CORRECTION,PENDING OWNER REVIEW,PRESENT IN CURRENT OWNER FILE,ON OFFICIAL MENU MV-2026-10-01,NONE,,,,UNKNOWN,UNKNOWN,ONE SIZE ONLY (D-118),false (D-119),DESCRIPTION MISSING,MISSING,,,2026-10-01,2026-10-01
PRD-00137,FREEZE-READY,CAT-006,OWNER-OFFICIAL-MENU-2026-10-01.xlsx,Sheet1,144,137,dfde223f219443454872e81ae64a1e8d4c55e486fe52a29f87ca1682979c8d97,MV-2026-10-01,Sheet1!R144 (#137),FRAPPE,FRAPE CHOCOLATE,فرابيه شوكليت,SOURCE-PROVIDED — PENDING OWNER REVIEW,3.50,3500,JOD,true,2026-10-01,,,,,,FRAPPE CHOCOLATE,,,NR-11,SUGGESTED_CORRECTION,SUGGESTED_CORRECTION,PENDING OWNER REVIEW,PRESENT IN CURRENT OWNER FILE,ON OFFICIAL MENU MV-2026-10-01,NONE,,,,UNKNOWN,UNKNOWN,ONE SIZE ONLY (D-118),false (D-119),DESCRIPTION MISSING,MISSING,,,2026-10-01,2026-10-01
PRD-00138,FREEZE-READY,CAT-006,OWNER-OFFICIAL-MENU-2026-10-01.xlsx,Sheet1,145,138,dfde223f219443454872e81ae64a1e8d4c55e486fe52a29f87ca1682979c8d97,MV-2026-10-01,Sheet1!R145 (#138),FRAPPE,FRAPE CARAMEL,فرابيه كراميل,SOURCE-PROVIDED — PENDING OWNER REVIEW,3.50,3500,JOD,true,2026-10-01,,,,,,FRAPPE CARAMEL,,,NR-11,SUGGESTED_CORRECTION,SUGGESTED_CORRECTION,PENDING OWNER REVIEW,PRESENT IN CURRENT OWNER FILE,ON OFFICIAL MENU MV-2026-10-01,NONE,,,,UNKNOWN,UNKNOWN,ONE SIZE ONLY (D-118),false (D-119),DESCRIPTION MISSING,MISSING,,,2026-10-01,2026-10-01
PRD-00139,FREEZE-READY,CAT-006,OWNER-OFFICIAL-MENU-2026-10-01.xlsx,Sheet1,146,139,dfde223f219443454872e81ae64a1e8d4c55e486fe52a29f87ca1682979c8d97,MV-2026-10-01,Sheet1!R146 (#139),FRAPPE,FRAPE SHELTER,فرابيه شيلتر,SOURCE-PROVIDED — PENDING OWNER REVIEW,3.50,3500,JOD,true,2026-10-01,,,,,,FRAPPE SHELTER,فرابيه شلتر,,AR-03 NR-11,SUGGESTED_CORRECTION,SUGGESTED_CORRECTION,PENDING OWNER REVIEW,PRESENT IN CURRENT OWNER FILE,ON OFFICIAL MENU MV-2026-10-01,NONE,,,,UNKNOWN,UNKNOWN,ONE SIZE ONLY (D-118),false (D-119),DESCRIPTION MISSING,MISSING,,,2026-10-01,2026-10-01
PRD-00140,FREEZE-READY,CAT-006,OWNER-OFFICIAL-MENU-2026-10-01.xlsx,Sheet1,147,140,dfde223f219443454872e81ae64a1e8d4c55e486fe52a29f87ca1682979c8d97,MV-2026-10-01,Sheet1!R147 (#140),FRAPPE,FRAPE PISTACHIO,فرابيه فستق,SOURCE-PROVIDED — PENDING OWNER REVIEW,3.50,3500,JOD,true,2026-10-01,,,,,,FRAPPE PISTACHIO,,,NR-11,SUGGESTED_CORRECTION,SUGGESTED_CORRECTION,PENDING OWNER REVIEW,PRESENT IN CURRENT OWNER FILE,ON OFFICIAL MENU MV-2026-10-01,NONE,,,,UNKNOWN,UNKNOWN,ONE SIZE ONLY (D-118),false (D-119),DESCRIPTION MISSING,MISSING,,,2026-10-01,2026-10-01
PRD-00141,FREEZE-READY,CAT-006,OWNER-OFFICIAL-MENU-2026-10-01.xlsx,Sheet1,148,141,dfde223f219443454872e81ae64a1e8d4c55e486fe52a29f87ca1682979c8d97,MV-2026-10-01,Sheet1!R148 (#141),FRAPPE,FRAPE ESPRESSO,فرابيه إسبريسو,SOURCE-PROVIDED — PENDING OWNER REVIEW,3.50,3500,JOD,true,2026-10-01,,,,,,FRAPPE ESPRESSO,,,NR-11,SUGGESTED_CORRECTION,SUGGESTED_CORRECTION,PENDING OWNER REVIEW,PRESENT IN CURRENT OWNER FILE,ON OFFICIAL MENU MV-2026-10-01,NONE,,,,UNKNOWN,UNKNOWN,ONE SIZE ONLY (D-118),false (D-119),DESCRIPTION MISSING,MISSING,,,2026-10-01,2026-10-01
PRD-00142,FREEZE-READY,CAT-006,OWNER-OFFICIAL-MENU-2026-10-01.xlsx,Sheet1,149,142,dfde223f219443454872e81ae64a1e8d4c55e486fe52a29f87ca1682979c8d97,MV-2026-10-01,Sheet1!R149 (#142),FRAPPE,FRAPE TWIX,فرابيه تويكس,SOURCE-PROVIDED — PENDING OWNER REVIEW,3.50,3500,JOD,true,2026-10-01,,,,,,FRAPPE TWIX,,,NR-11,SUGGESTED_CORRECTION,SUGGESTED_CORRECTION,PENDING OWNER REVIEW,PRESENT IN CURRENT OWNER FILE,ON OFFICIAL MENU MV-2026-10-01,NONE,,,,UNKNOWN,UNKNOWN,ONE SIZE ONLY (D-118),false (D-119),DESCRIPTION MISSING,MISSING,,,2026-10-01,2026-10-01
PRD-00143,FREEZE-READY,CAT-006,OWNER-OFFICIAL-MENU-2026-10-01.xlsx,Sheet1,150,143,dfde223f219443454872e81ae64a1e8d4c55e486fe52a29f87ca1682979c8d97,MV-2026-10-01,Sheet1!R150 (#143),FRAPPE,FRAPE CROCCANTE,فرابيه كروكانتي,SOURCE-PROVIDED — PENDING OWNER REVIEW,3.50,3500,JOD,true,2026-10-01,,,,,,FRAPPE CROCCANTE,,,NR-11,SUGGESTED_CORRECTION,SUGGESTED_CORRECTION,PENDING OWNER REVIEW,PRESENT IN CURRENT OWNER FILE,ON OFFICIAL MENU MV-2026-10-01,NONE,,,,UNKNOWN,UNKNOWN,ONE SIZE ONLY (D-118),false (D-119),DESCRIPTION MISSING,MISSING,,,2026-10-01,2026-10-01
PRD-00144,FREEZE-READY,CAT-006,OWNER-OFFICIAL-MENU-2026-10-01.xlsx,Sheet1,151,144,dfde223f219443454872e81ae64a1e8d4c55e486fe52a29f87ca1682979c8d97,MV-2026-10-01,Sheet1!R151 (#144),FRAPPE,FRAPE MATCHA,فرابيه ماتشا,SOURCE-PROVIDED — PENDING OWNER REVIEW,4.00,4000,JOD,true,2026-10-01,,,,,,FRAPPE MATCHA,,,NR-11,SUGGESTED_CORRECTION,SUGGESTED_CORRECTION,PENDING OWNER REVIEW,PRESENT IN CURRENT OWNER FILE,ON OFFICIAL MENU MV-2026-10-01,NONE,,,,UNKNOWN,UNKNOWN,ONE SIZE ONLY (D-118),false (D-119),DESCRIPTION MISSING,MISSING,,,2026-10-01,2026-10-01
PRD-00145,FREEZE-READY,CAT-006,OWNER-OFFICIAL-MENU-2026-10-01.xlsx,Sheet1,152,145,dfde223f219443454872e81ae64a1e8d4c55e486fe52a29f87ca1682979c8d97,MV-2026-10-01,Sheet1!R152 (#145),FRAPPE,FRAPE WHITE MOCHA,فرابيه وايت موكا,SOURCE-PROVIDED — PENDING OWNER REVIEW,3.50,3500,JOD,true,2026-10-01,,,,,,FRAPPE WHITE MOCHA,,,NR-11,SUGGESTED_CORRECTION,SUGGESTED_CORRECTION,PENDING OWNER REVIEW,PRESENT IN CURRENT OWNER FILE,ON OFFICIAL MENU MV-2026-10-01,NONE,,,,UNKNOWN,UNKNOWN,ONE SIZE ONLY (D-118),false (D-119),DESCRIPTION MISSING,MISSING,,,2026-10-01,2026-10-01
PRD-00146,FREEZE-READY,CAT-006,OWNER-OFFICIAL-MENU-2026-10-01.xlsx,Sheet1,153,146,dfde223f219443454872e81ae64a1e8d4c55e486fe52a29f87ca1682979c8d97,MV-2026-10-01,Sheet1!R153 (#146),FRAPPE,FRAPE MOCHA,فرابيه موكا,SOURCE-PROVIDED — PENDING OWNER REVIEW,3.50,3500,JOD,true,2026-10-01,,,,,,FRAPPE MOCHA,,,NR-11,SUGGESTED_CORRECTION,SUGGESTED_CORRECTION,PENDING OWNER REVIEW,PRESENT IN CURRENT OWNER FILE,ON OFFICIAL MENU MV-2026-10-01,NONE,,,,UNKNOWN,UNKNOWN,ONE SIZE ONLY (D-118),false (D-119),DESCRIPTION MISSING,MISSING,,,2026-10-01,2026-10-01
PRD-00147,FREEZE-READY,CAT-006,OWNER-OFFICIAL-MENU-2026-10-01.xlsx,Sheet1,154,147,dfde223f219443454872e81ae64a1e8d4c55e486fe52a29f87ca1682979c8d97,MV-2026-10-01,Sheet1!R154 (#147),FRAPPE,FRAPE SNICKERS,فرابيه سنيكرز,SOURCE-PROVIDED — PENDING OWNER REVIEW,3.50,3500,JOD,true,2026-10-01,,,,,,FRAPPE SNICKERS,,,NR-11,SUGGESTED_CORRECTION,SUGGESTED_CORRECTION,PENDING OWNER REVIEW,PRESENT IN CURRENT OWNER FILE,ON OFFICIAL MENU MV-2026-10-01,NONE,,,,UNKNOWN,UNKNOWN,ONE SIZE ONLY (D-118),false (D-119),DESCRIPTION MISSING,MISSING,,,2026-10-01,2026-10-01
PRD-00148,FREEZE-READY,CAT-006,OWNER-OFFICIAL-MENU-2026-10-01.xlsx,Sheet1,155,148,dfde223f219443454872e81ae64a1e8d4c55e486fe52a29f87ca1682979c8d97,MV-2026-10-01,Sheet1!R155 (#148),FRAPPE,FRAPE LOTUS,فرابيه لوتس,SOURCE-PROVIDED — PENDING OWNER REVIEW,3.50,3500,JOD,true,2026-10-01,,,,,,FRAPPE LOTUS,,,NR-11,SUGGESTED_CORRECTION,SUGGESTED_CORRECTION,PENDING OWNER REVIEW,PRESENT IN CURRENT OWNER FILE,ON OFFICIAL MENU MV-2026-10-01,NONE,,,,UNKNOWN,UNKNOWN,ONE SIZE ONLY (D-118),false (D-119),DESCRIPTION MISSING,MISSING,,,2026-10-01,2026-10-01
PRD-00149,FREEZE-READY,CAT-006,OWNER-OFFICIAL-MENU-2026-10-01.xlsx,Sheet1,156,149,dfde223f219443454872e81ae64a1e8d4c55e486fe52a29f87ca1682979c8d97,MV-2026-10-01,Sheet1!R156 (#149),FRAPPE,FRAPE SALTED CARAMEL,فرابيه سولتد كراميل,SOURCE-PROVIDED — PENDING OWNER REVIEW,3.50,3500,JOD,true,2026-10-01,,,,,,FRAPPE SALTED CARAMEL,,,NR-11,SUGGESTED_CORRECTION,SUGGESTED_CORRECTION,PENDING OWNER REVIEW,PRESENT IN CURRENT OWNER FILE,ON OFFICIAL MENU MV-2026-10-01,NONE,,,,UNKNOWN,UNKNOWN,ONE SIZE ONLY (D-118),false (D-119),DESCRIPTION MISSING,MISSING,,,2026-10-01,2026-10-01
PRD-00150,FREEZE-READY,CAT-007,OWNER-OFFICIAL-MENU-2026-10-01.xlsx,Sheet1,158,152,dfde223f219443454872e81ae64a1e8d4c55e486fe52a29f87ca1682979c8d97,MV-2026-10-01,Sheet1!R158 (#152),TEA,TEA ROYAL BREAKFAST,شاي رويال بريكفاست,SOURCE-PROVIDED — PENDING OWNER REVIEW,2.00,2000,JOD,true,2026-10-01,,,,,,,,,,NO_SOURCE_ISSUE_FOUND,,PENDING OWNER REVIEW,PRESENT IN CURRENT OWNER FILE,ON OFFICIAL MENU MV-2026-10-01,NONE,,,,UNKNOWN,UNKNOWN,ONE SIZE ONLY (D-118),false (D-119),DESCRIPTION MISSING,MISSING,,,2026-10-01,2026-10-01
PRD-00151,FREEZE-READY,CAT-007,OWNER-OFFICIAL-MENU-2026-10-01.xlsx,Sheet1,159,153,dfde223f219443454872e81ae64a1e8d4c55e486fe52a29f87ca1682979c8d97,MV-2026-10-01,Sheet1!R159 (#153),TEA,TEA EARLY GRAY,شاي إيرل غراي,SOURCE-PROVIDED — PENDING OWNER REVIEW,2.00,2000,JOD,true,2026-10-01,,,,,,TEA EARL GREY,,,NR-12,SUGGESTED_CORRECTION,SUGGESTED_CORRECTION,PENDING OWNER REVIEW,PRESENT IN CURRENT OWNER FILE,ON OFFICIAL MENU MV-2026-10-01,NONE,,,,UNKNOWN,UNKNOWN,ONE SIZE ONLY (D-118),false (D-119),DESCRIPTION MISSING,MISSING,,,2026-10-01,2026-10-01
PRD-00152,FREEZE-READY,CAT-007,OWNER-OFFICIAL-MENU-2026-10-01.xlsx,Sheet1,160,154,dfde223f219443454872e81ae64a1e8d4c55e486fe52a29f87ca1682979c8d97,MV-2026-10-01,Sheet1!R160 (#154),TEA,TEA MASALA,شاي ماسالا,SOURCE-PROVIDED — PENDING OWNER REVIEW,2.00,2000,JOD,true,2026-10-01,,,,,,,,,,NO_SOURCE_ISSUE_FOUND,,PENDING OWNER REVIEW,PRESENT IN CURRENT OWNER FILE,ON OFFICIAL MENU MV-2026-10-01,NONE,,,,UNKNOWN,UNKNOWN,ONE SIZE ONLY (D-118),false (D-119),DESCRIPTION MISSING,MISSING,,,2026-10-01,2026-10-01
PRD-00153,FREEZE-READY,CAT-007,OWNER-OFFICIAL-MENU-2026-10-01.xlsx,Sheet1,161,155,dfde223f219443454872e81ae64a1e8d4c55e486fe52a29f87ca1682979c8d97,MV-2026-10-01,Sheet1!R161 (#155),TEA,TEA GREEN TEA CURLS,شاي أخضر كيرلز,SOURCE-PROVIDED — PENDING OWNER REVIEW,2.00,2000,JOD,true,2026-10-01,,,,,,,,,,NO_SOURCE_ISSUE_FOUND,,PENDING OWNER REVIEW,PRESENT IN CURRENT OWNER FILE,ON OFFICIAL MENU MV-2026-10-01,NONE,,,,UNKNOWN,UNKNOWN,ONE SIZE ONLY (D-118),false (D-119),DESCRIPTION MISSING,MISSING,,,2026-10-01,2026-10-01
PRD-00154,FREEZE-READY,CAT-007,OWNER-OFFICIAL-MENU-2026-10-01.xlsx,Sheet1,162,156,dfde223f219443454872e81ae64a1e8d4c55e486fe52a29f87ca1682979c8d97,MV-2026-10-01,Sheet1!R162 (#156),TEA,TEA HAPPY FOREST,شاي هابي فورست,SOURCE-PROVIDED — PENDING OWNER REVIEW,2.00,2000,JOD,true,2026-10-01,,,,,,,,,,NO_SOURCE_ISSUE_FOUND,,PENDING OWNER REVIEW,PRESENT IN CURRENT OWNER FILE,ON OFFICIAL MENU MV-2026-10-01,NONE,,,,UNKNOWN,UNKNOWN,ONE SIZE ONLY (D-118),false (D-119),DESCRIPTION MISSING,MISSING,,,2026-10-01,2026-10-01
PRD-00155,FREEZE-READY,CAT-007,OWNER-OFFICIAL-MENU-2026-10-01.xlsx,Sheet1,163,157,dfde223f219443454872e81ae64a1e8d4c55e486fe52a29f87ca1682979c8d97,MV-2026-10-01,Sheet1!R163 (#157),TEA,TEA ROSA,شاي روزا,SOURCE-PROVIDED — PENDING OWNER REVIEW,2.00,2000,JOD,true,2026-10-01,,,,,,,,,,NO_SOURCE_ISSUE_FOUND,,PENDING OWNER REVIEW,PRESENT IN CURRENT OWNER FILE,ON OFFICIAL MENU MV-2026-10-01,NONE,,,,UNKNOWN,UNKNOWN,ONE SIZE ONLY (D-118),false (D-119),DESCRIPTION MISSING,MISSING,,,2026-10-01,2026-10-01
PRD-00156,FREEZE-READY,CAT-007,OWNER-OFFICIAL-MENU-2026-10-01.xlsx,Sheet1,164,158,dfde223f219443454872e81ae64a1e8d4c55e486fe52a29f87ca1682979c8d97,MV-2026-10-01,Sheet1!R164 (#158),TEA,TEA MOROCCAN NIGHTS,شاي ليالي مغربية,SOURCE-PROVIDED — PENDING OWNER REVIEW,2.00,2000,JOD,true,2026-10-01,,,,,,,,,,NO_SOURCE_ISSUE_FOUND,,PENDING OWNER REVIEW,PRESENT IN CURRENT OWNER FILE,ON OFFICIAL MENU MV-2026-10-01,NONE,,,,UNKNOWN,UNKNOWN,ONE SIZE ONLY (D-118),false (D-119),DESCRIPTION MISSING,MISSING,,,2026-10-01,2026-10-01
PRD-00157,FREEZE-READY,CAT-007,OWNER-OFFICIAL-MENU-2026-10-01.xlsx,Sheet1,165,159,dfde223f219443454872e81ae64a1e8d4c55e486fe52a29f87ca1682979c8d97,MV-2026-10-01,Sheet1!R165 (#159),TEA,TEA GINGER ZEST,شاي زنجبيل زست,SOURCE-PROVIDED — PENDING OWNER REVIEW,2.00,2000,JOD,true,2026-10-01,,,,,,,,,,NO_SOURCE_ISSUE_FOUND,,PENDING OWNER REVIEW,PRESENT IN CURRENT OWNER FILE,ON OFFICIAL MENU MV-2026-10-01,NONE,,,,UNKNOWN,UNKNOWN,ONE SIZE ONLY (D-118),false (D-119),DESCRIPTION MISSING,MISSING,,,2026-10-01,2026-10-01
PRD-00158,FREEZE-READY,CAT-008,OWNER-OFFICIAL-MENU-2026-10-01.xlsx,Sheet1,167,160,dfde223f219443454872e81ae64a1e8d4c55e486fe52a29f87ca1682979c8d97,MV-2026-10-01,Sheet1!R167 (#160),SPECIALITY COFFEE,V60 COLOMBIA HUILA,V60 كولومبيا هويلا,SOURCE-PROVIDED — PENDING OWNER REVIEW,3.50,3500,JOD,true,2026-10-01,,,,,,,,,,NO_SOURCE_ISSUE_FOUND,,PENDING OWNER REVIEW,PRESENT IN CURRENT OWNER FILE,ON OFFICIAL MENU MV-2026-10-01,NONE,,,,UNKNOWN,UNKNOWN,ONE SIZE ONLY (D-118),false (D-119),DESCRIPTION MISSING,MISSING,,,2026-10-01,2026-10-01
PRD-00159,FREEZE-READY,CAT-008,OWNER-OFFICIAL-MENU-2026-10-01.xlsx,Sheet1,168,161,dfde223f219443454872e81ae64a1e8d4c55e486fe52a29f87ca1682979c8d97,MV-2026-10-01,Sheet1!R168 (#161),SPECIALITY COFFEE,V60 HONDURAS LAS,V60 هندوراس لاس,SOURCE-PROVIDED — PENDING OWNER REVIEW,3.50,3500,JOD,true,2026-10-01,,,,,,,,,MQ-12 AR-08,UNCLEAR_NAME,UNCLEAR_NAME,PENDING OWNER REVIEW,PRESENT IN CURRENT OWNER FILE,ON OFFICIAL MENU MV-2026-10-01,NONE,,,,UNKNOWN,UNKNOWN,ONE SIZE ONLY (D-118),false (D-119),DESCRIPTION MISSING,MISSING,,,2026-10-01,2026-10-01
PRD-00160,FREEZE-READY,CAT-008,OWNER-OFFICIAL-MENU-2026-10-01.xlsx,Sheet1,169,162,dfde223f219443454872e81ae64a1e8d4c55e486fe52a29f87ca1682979c8d97,MV-2026-10-01,Sheet1!R169 (#162),SPECIALITY COFFEE,V60 INDONESIA,V60 إندونيسيا,SOURCE-PROVIDED — PENDING OWNER REVIEW,3.50,3500,JOD,true,2026-10-01,,,,,,,,,,NO_SOURCE_ISSUE_FOUND,,PENDING OWNER REVIEW,PRESENT IN CURRENT OWNER FILE,ON OFFICIAL MENU MV-2026-10-01,NONE,,,,UNKNOWN,UNKNOWN,ONE SIZE ONLY (D-118),false (D-119),DESCRIPTION MISSING,MISSING,,,2026-10-01,2026-10-01
PRD-00161,FREEZE-READY,CAT-008,OWNER-OFFICIAL-MENU-2026-10-01.xlsx,Sheet1,170,163,dfde223f219443454872e81ae64a1e8d4c55e486fe52a29f87ca1682979c8d97,MV-2026-10-01,Sheet1!R170 (#163),SPECIALITY COFFEE,V60 PERU CAJAMARCA,V60 بيرو كاخاماركا,SOURCE-PROVIDED — PENDING OWNER REVIEW,3.50,3500,JOD,true,2026-10-01,,,,,,,,,,NO_SOURCE_ISSUE_FOUND,,PENDING OWNER REVIEW,PRESENT IN CURRENT OWNER FILE,ON OFFICIAL MENU MV-2026-10-01,NONE,,,,UNKNOWN,UNKNOWN,ONE SIZE ONLY (D-118),false (D-119),DESCRIPTION MISSING,MISSING,,,2026-10-01,2026-10-01
PRD-00162,FREEZE-READY,CAT-009,OWNER-OFFICIAL-MENU-2026-10-01.xlsx,Sheet1,172,260,dfde223f219443454872e81ae64a1e8d4c55e486fe52a29f87ca1682979c8d97,MV-2026-10-01,Sheet1!R172 (#260),SPRING,ROZY BASIL,روزي بازل,SOURCE-PROVIDED — PENDING OWNER REVIEW,3.50,3500,JOD,true,2026-10-01,,,,,,,,,MQ-12,UNCLEAR_NAME,UNCLEAR_NAME · SEASON_DATES_MISSING,PENDING OWNER REVIEW,PRESENT IN CURRENT OWNER FILE,"CURRENTLY AVAILABLE (owner-confirmed, D-117)",NONE,,,,UNKNOWN,UNKNOWN,ONE SIZE ONLY (D-118),false (D-119),DESCRIPTION MISSING,MISSING,,,2026-10-01,2026-10-01
PRD-00163,FREEZE-READY,CAT-009,OWNER-OFFICIAL-MENU-2026-10-01.xlsx,Sheet1,173,261,dfde223f219443454872e81ae64a1e8d4c55e486fe52a29f87ca1682979c8d97,MV-2026-10-01,Sheet1!R173 (#261),SPRING,RED LEMONADE,ريد ليموناضة,SOURCE-PROVIDED — PENDING OWNER REVIEW,3.50,3500,JOD,true,2026-10-01,,,,,,,,,,SEASON_DATES_MISSING,SEASON_DATES_MISSING,PENDING OWNER REVIEW,PRESENT IN CURRENT OWNER FILE,"CURRENTLY AVAILABLE (owner-confirmed, D-117)",NONE,,,,UNKNOWN,UNKNOWN,ONE SIZE ONLY (D-118),false (D-119),DESCRIPTION MISSING,MISSING,,,2026-10-01,2026-10-01
PRD-00164,FREEZE-READY,CAT-009,OWNER-OFFICIAL-MENU-2026-10-01.xlsx,Sheet1,174,262,dfde223f219443454872e81ae64a1e8d4c55e486fe52a29f87ca1682979c8d97,MV-2026-10-01,Sheet1!R174 (#262),SPRING,MANGO SUNRISE SHAKE,مانجو سن رايز شيك,SOURCE-PROVIDED — PENDING OWNER REVIEW,3.75,3750,JOD,true,2026-10-01,,,,,,,,,,SEASON_DATES_MISSING,SEASON_DATES_MISSING,PENDING OWNER REVIEW,PRESENT IN CURRENT OWNER FILE,"CURRENTLY AVAILABLE (owner-confirmed, D-117)",NONE,,,,UNKNOWN,UNKNOWN,ONE SIZE ONLY (D-118),false (D-119),DESCRIPTION MISSING,MISSING,,,2026-10-01,2026-10-01
PRD-00165,FREEZE-READY,CAT-009,OWNER-OFFICIAL-MENU-2026-10-01.xlsx,Sheet1,175,263,dfde223f219443454872e81ae64a1e8d4c55e486fe52a29f87ca1682979c8d97,MV-2026-10-01,Sheet1!R175 (#263),SPRING,PEACH LEMONADE,بيتش ليموناضة,SOURCE-PROVIDED — PENDING OWNER REVIEW,3.50,3500,JOD,true,2026-10-01,,,,,,,,,,SEASON_DATES_MISSING,SEASON_DATES_MISSING,PENDING OWNER REVIEW,PRESENT IN CURRENT OWNER FILE,"CURRENTLY AVAILABLE (owner-confirmed, D-117)",NONE,,,,UNKNOWN,UNKNOWN,ONE SIZE ONLY (D-118),false (D-119),DESCRIPTION MISSING,MISSING,,,2026-10-01,2026-10-01
PRD-00166,FREEZE-READY,CAT-009,OWNER-OFFICIAL-MENU-2026-10-01.xlsx,Sheet1,176,264,dfde223f219443454872e81ae64a1e8d4c55e486fe52a29f87ca1682979c8d97,MV-2026-10-01,Sheet1!R176 (#264),SPRING,GREEN MIX,غرين مكس,SOURCE-PROVIDED — PENDING OWNER REVIEW,3.50,3500,JOD,true,2026-10-01,,,,,,,,,,SEASON_DATES_MISSING,SEASON_DATES_MISSING,PENDING OWNER REVIEW,PRESENT IN CURRENT OWNER FILE,"CURRENTLY AVAILABLE (owner-confirmed, D-117)",NONE,,,,UNKNOWN,UNKNOWN,ONE SIZE ONLY (D-118),false (D-119),DESCRIPTION MISSING,MISSING,,,2026-10-01,2026-10-01
PRD-00167,FREEZE-READY,CAT-010,OWNER-OFFICIAL-MENU-2026-10-01.xlsx,Sheet2,2,1,dfde223f219443454872e81ae64a1e8d4c55e486fe52a29f87ca1682979c8d97,MV-2026-10-01,Sheet2!R2 (#1),CAKE,ENGLISH CAKE FRUIT,,MISSING — OWNER INPUT REQUIRED,1.00,1000,JOD,true,2026-10-01,,,,,,,إنجلش كيك فواكه,,ARS,ARABIC_NAME_MISSING,ARABIC_NAME_MISSING,PENDING OWNER REVIEW,PRESENT IN CURRENT OWNER FILE,ON OFFICIAL MENU MV-2026-10-01,NONE,,,,UNKNOWN,UNKNOWN,UNCONFIRMED — desserts (MQ-16),false (D-119),DESCRIPTION MISSING,MISSING,,,2026-10-01,2026-10-01
PRD-00168,FREEZE-READY,CAT-010,OWNER-OFFICIAL-MENU-2026-10-01.xlsx,Sheet2,3,2,dfde223f219443454872e81ae64a1e8d4c55e486fe52a29f87ca1682979c8d97,MV-2026-10-01,Sheet2!R3 (#2),CAKE,ENGLISH CAKE CHOCOLATE,,MISSING — OWNER INPUT REQUIRED,1.00,1000,JOD,true,2026-10-01,,,,,,,إنجلش كيك شوكليت,,ARS,ARABIC_NAME_MISSING,ARABIC_NAME_MISSING,PENDING OWNER REVIEW,PRESENT IN CURRENT OWNER FILE,ON OFFICIAL MENU MV-2026-10-01,NONE,,,,UNKNOWN,UNKNOWN,UNCONFIRMED — desserts (MQ-16),false (D-119),DESCRIPTION MISSING,MISSING,,,2026-10-01,2026-10-01
PRD-00169,FREEZE-READY,CAT-010,OWNER-OFFICIAL-MENU-2026-10-01.xlsx,Sheet2,4,3,dfde223f219443454872e81ae64a1e8d4c55e486fe52a29f87ca1682979c8d97,MV-2026-10-01,Sheet2!R4 (#3),CAKE,COFFEE BEANS CAKE,,MISSING — OWNER INPUT REQUIRED,2.00,2000,JOD,true,2026-10-01,,,,,,,كوفي بينز كيك,,ARS,ARABIC_NAME_MISSING,ARABIC_NAME_MISSING,PENDING OWNER REVIEW,PRESENT IN CURRENT OWNER FILE,ON OFFICIAL MENU MV-2026-10-01,NONE,,,,UNKNOWN,UNKNOWN,UNCONFIRMED — desserts (MQ-16),false (D-119),DESCRIPTION MISSING,MISSING,,,2026-10-01,2026-10-01
PRD-00170,FREEZE-READY,CAT-010,OWNER-OFFICIAL-MENU-2026-10-01.xlsx,Sheet2,5,4,dfde223f219443454872e81ae64a1e8d4c55e486fe52a29f87ca1682979c8d97,MV-2026-10-01,Sheet2!R5 (#4),CAKE,LAZY CAKE,,MISSING — OWNER INPUT REQUIRED,2.00,2000,JOD,true,2026-10-01,,,,,,,ليزي كيك,,ARS,ARABIC_NAME_MISSING,ARABIC_NAME_MISSING,PENDING OWNER REVIEW,PRESENT IN CURRENT OWNER FILE,ON OFFICIAL MENU MV-2026-10-01,NONE,,,,UNKNOWN,UNKNOWN,UNCONFIRMED — desserts (MQ-16),false (D-119),DESCRIPTION MISSING,MISSING,,,2026-10-01,2026-10-01
PRD-00171,FREEZE-READY,CAT-010,OWNER-OFFICIAL-MENU-2026-10-01.xlsx,Sheet2,6,5,dfde223f219443454872e81ae64a1e8d4c55e486fe52a29f87ca1682979c8d97,MV-2026-10-01,Sheet2!R6 (#5),CAKE,TIRAMISU,,MISSING — OWNER INPUT REQUIRED,3.00,3000,JOD,true,2026-10-01,,,,,,,تيراميسو,,ARS,ARABIC_NAME_MISSING,ARABIC_NAME_MISSING,PENDING OWNER REVIEW,PRESENT IN CURRENT OWNER FILE,ON OFFICIAL MENU MV-2026-10-01,NONE,,,,UNKNOWN,UNKNOWN,UNCONFIRMED — desserts (MQ-16),false (D-119),DESCRIPTION MISSING,MISSING,,,2026-10-01,2026-10-01
PRD-00172,FREEZE-READY,CAT-010,OWNER-OFFICIAL-MENU-2026-10-01.xlsx,Sheet2,7,6,dfde223f219443454872e81ae64a1e8d4c55e486fe52a29f87ca1682979c8d97,MV-2026-10-01,Sheet2!R7 (#6),CAKE,HAZELNUT CAKE,,MISSING — OWNER INPUT REQUIRED,3.00,3000,JOD,true,2026-10-01,,,,,,,هازلنت كيك,,ARS,ARABIC_NAME_MISSING,ARABIC_NAME_MISSING,PENDING OWNER REVIEW,PRESENT IN CURRENT OWNER FILE,ON OFFICIAL MENU MV-2026-10-01,NONE,,,,UNKNOWN,UNKNOWN,UNCONFIRMED — desserts (MQ-16),false (D-119),DESCRIPTION MISSING,MISSING,,,2026-10-01,2026-10-01
PRD-00173,FREEZE-READY,CAT-010,OWNER-OFFICIAL-MENU-2026-10-01.xlsx,Sheet2,8,7,dfde223f219443454872e81ae64a1e8d4c55e486fe52a29f87ca1682979c8d97,MV-2026-10-01,Sheet2!R8 (#7),CAKE,DUBAI CHOCO MOUSSE,,MISSING — OWNER INPUT REQUIRED,3.00,3000,JOD,true,2026-10-01,,,,,,,دبي شوكو موس,,ARS,ARABIC_NAME_MISSING,ARABIC_NAME_MISSING,PENDING OWNER REVIEW,PRESENT IN CURRENT OWNER FILE,ON OFFICIAL MENU MV-2026-10-01,NONE,,,,UNKNOWN,UNKNOWN,UNCONFIRMED — desserts (MQ-16),false (D-119),DESCRIPTION MISSING,MISSING,,,2026-10-01,2026-10-01
PRD-00174,FREEZE-READY,CAT-010,OWNER-OFFICIAL-MENU-2026-10-01.xlsx,Sheet2,9,8,dfde223f219443454872e81ae64a1e8d4c55e486fe52a29f87ca1682979c8d97,MV-2026-10-01,Sheet2!R9 (#8),CAKE,CHEESE CAKE STRAWBERRY,,MISSING — OWNER INPUT REQUIRED,3.00,3000,JOD,true,2026-10-01,,,,,,STRAWBERRY CHEESECAKE,تشيز كيك فراولة,,NR-18 ARS,ARABIC_NAME_MISSING,ARABIC_NAME_MISSING · SUGGESTED_CORRECTION,PENDING OWNER REVIEW,PRESENT IN CURRENT OWNER FILE,ON OFFICIAL MENU MV-2026-10-01,NONE,,,,UNKNOWN,UNKNOWN,UNCONFIRMED — desserts (MQ-16),false (D-119),DESCRIPTION MISSING,MISSING,,,2026-10-01,2026-10-01
PRD-00175,FREEZE-READY,CAT-010,OWNER-OFFICIAL-MENU-2026-10-01.xlsx,Sheet2,10,9,dfde223f219443454872e81ae64a1e8d4c55e486fe52a29f87ca1682979c8d97,MV-2026-10-01,Sheet2!R10 (#9),CAKE,CRUNCHOCO CAKE,,MISSING — OWNER INPUT REQUIRED,3.00,3000,JOD,true,2026-10-01,,,,,,,كرانشوكو كيك,,ARS,ARABIC_NAME_MISSING,ARABIC_NAME_MISSING,PENDING OWNER REVIEW,PRESENT IN CURRENT OWNER FILE,ON OFFICIAL MENU MV-2026-10-01,NONE,,,,UNKNOWN,UNKNOWN,UNCONFIRMED — desserts (MQ-16),false (D-119),DESCRIPTION MISSING,MISSING,,,2026-10-01,2026-10-01
PRD-00176,FREEZE-READY,CAT-010,OWNER-OFFICIAL-MENU-2026-10-01.xlsx,Sheet2,11,10,dfde223f219443454872e81ae64a1e8d4c55e486fe52a29f87ca1682979c8d97,MV-2026-10-01,Sheet2!R11 (#10),CAKE,CHEESE CAKE BLUEBERRY,,MISSING — OWNER INPUT REQUIRED,3.00,3000,JOD,true,2026-10-01,,,,,,BLUEBERRY CHEESECAKE,تشيز كيك بلوبيري,,NR-18 ARS,ARABIC_NAME_MISSING,ARABIC_NAME_MISSING · SUGGESTED_CORRECTION,PENDING OWNER REVIEW,PRESENT IN CURRENT OWNER FILE,ON OFFICIAL MENU MV-2026-10-01,NONE,,,,UNKNOWN,UNKNOWN,UNCONFIRMED — desserts (MQ-16),false (D-119),DESCRIPTION MISSING,MISSING,,,2026-10-01,2026-10-01
PRD-00177,FREEZE-READY,CAT-010,OWNER-OFFICIAL-MENU-2026-10-01.xlsx,Sheet2,12,11,dfde223f219443454872e81ae64a1e8d4c55e486fe52a29f87ca1682979c8d97,MV-2026-10-01,Sheet2!R12 (#11),CAKE,CARROT CAKE,,MISSING — OWNER INPUT REQUIRED,3.50,3500,JOD,true,2026-10-01,,,,,,,كيكة الجزر,,ARS,ARABIC_NAME_MISSING,ARABIC_NAME_MISSING,PENDING OWNER REVIEW,PRESENT IN CURRENT OWNER FILE,ON OFFICIAL MENU MV-2026-10-01,NONE,,,,UNKNOWN,UNKNOWN,UNCONFIRMED — desserts (MQ-16),false (D-119),DESCRIPTION MISSING,MISSING,,,2026-10-01,2026-10-01
PRD-00178,FREEZE-READY,CAT-010,OWNER-OFFICIAL-MENU-2026-10-01.xlsx,Sheet2,13,12,dfde223f219443454872e81ae64a1e8d4c55e486fe52a29f87ca1682979c8d97,MV-2026-10-01,Sheet2!R13 (#12),CAKE,SAN SEBASTIAN,,MISSING — OWNER INPUT REQUIRED,3.50,3500,JOD,true,2026-10-01,,,,,,,سان سيباستيان,,ARS,ARABIC_NAME_MISSING,ARABIC_NAME_MISSING,PENDING OWNER REVIEW,PRESENT IN CURRENT OWNER FILE,ON OFFICIAL MENU MV-2026-10-01,NONE,,,,UNKNOWN,UNKNOWN,UNCONFIRMED — desserts (MQ-16),false (D-119),DESCRIPTION MISSING,MISSING,,,2026-10-01,2026-10-01
PRD-00179,FREEZE-READY,CAT-010,OWNER-OFFICIAL-MENU-2026-10-01.xlsx,Sheet2,14,13,dfde223f219443454872e81ae64a1e8d4c55e486fe52a29f87ca1682979c8d97,MV-2026-10-01,Sheet2!R14 (#13),CAKE,GERMAN CHOCLATE,,MISSING — OWNER INPUT REQUIRED,3.50,3500,JOD,true,2026-10-01,,,,,,GERMAN CHOCOLATE,جيرمان شوكليت,,NR-16 ARS,ARABIC_NAME_MISSING,ARABIC_NAME_MISSING · SUGGESTED_CORRECTION,PENDING OWNER REVIEW,PRESENT IN CURRENT OWNER FILE,ON OFFICIAL MENU MV-2026-10-01,NONE,,,,UNKNOWN,UNKNOWN,UNCONFIRMED — desserts (MQ-16),false (D-119),DESCRIPTION MISSING,MISSING,,,2026-10-01,2026-10-01
PRD-00180,FREEZE-READY,CAT-010,OWNER-OFFICIAL-MENU-2026-10-01.xlsx,Sheet2,15,14,dfde223f219443454872e81ae64a1e8d4c55e486fe52a29f87ca1682979c8d97,MV-2026-10-01,Sheet2!R15 (#14),CAKE,CROCANTE CAKE,,MISSING — OWNER INPUT REQUIRED,3.50,3500,JOD,true,2026-10-01,,,,,,CROCCANTE CAKE,كروكانتي كيك,,NR-17 ARS,ARABIC_NAME_MISSING,ARABIC_NAME_MISSING · SUGGESTED_CORRECTION,PENDING OWNER REVIEW,PRESENT IN CURRENT OWNER FILE,ON OFFICIAL MENU MV-2026-10-01,NONE,,,,UNKNOWN,UNKNOWN,UNCONFIRMED — desserts (MQ-16),false (D-119),DESCRIPTION MISSING,MISSING,,,2026-10-01,2026-10-01
PRD-00181,FREEZE-READY,CAT-010,OWNER-OFFICIAL-MENU-2026-10-01.xlsx,Sheet2,16,15,dfde223f219443454872e81ae64a1e8d4c55e486fe52a29f87ca1682979c8d97,MV-2026-10-01,Sheet2!R16 (#15),CAKE,RED VALVET CAKE,,MISSING — OWNER INPUT REQUIRED,3.50,3500,JOD,true,2026-10-01,,,,,,RED VELVET CAKE,ريد فيلفيت كيك,,NR-15 ARS,ARABIC_NAME_MISSING,ARABIC_NAME_MISSING · SUGGESTED_CORRECTION,PENDING OWNER REVIEW,PRESENT IN CURRENT OWNER FILE,ON OFFICIAL MENU MV-2026-10-01,NONE,,,,UNKNOWN,UNKNOWN,UNCONFIRMED — desserts (MQ-16),false (D-119),DESCRIPTION MISSING,MISSING,,,2026-10-01,2026-10-01
PRD-00182,FREEZE-READY,CAT-010,OWNER-OFFICIAL-MENU-2026-10-01.xlsx,Sheet2,17,16,dfde223f219443454872e81ae64a1e8d4c55e486fe52a29f87ca1682979c8d97,MV-2026-10-01,Sheet2!R17 (#16),CAKE,HONEY CAKE,,MISSING — OWNER INPUT REQUIRED,3.50,3500,JOD,true,2026-10-01,,,,,,,هاني كيك,,ARS,ARABIC_NAME_MISSING,ARABIC_NAME_MISSING,PENDING OWNER REVIEW,PRESENT IN CURRENT OWNER FILE,ON OFFICIAL MENU MV-2026-10-01,NONE,,,,UNKNOWN,UNKNOWN,UNCONFIRMED — desserts (MQ-16),false (D-119),DESCRIPTION MISSING,MISSING,,,2026-10-01,2026-10-01
PRD-00183,FREEZE-READY,CAT-010,OWNER-OFFICIAL-MENU-2026-10-01.xlsx,Sheet2,18,17,dfde223f219443454872e81ae64a1e8d4c55e486fe52a29f87ca1682979c8d97,MV-2026-10-01,Sheet2!R18 (#17),CAKE,MANGO CHEESECAKE,,MISSING — OWNER INPUT REQUIRED,3.50,3500,JOD,true,2026-10-01,,,,,,,تشيز كيك مانجو,,ARS,ARABIC_NAME_MISSING,ARABIC_NAME_MISSING,PENDING OWNER REVIEW,PRESENT IN CURRENT OWNER FILE,ON OFFICIAL MENU MV-2026-10-01,NONE,,,,UNKNOWN,UNKNOWN,UNCONFIRMED — desserts (MQ-16),false (D-119),DESCRIPTION MISSING,MISSING,,,2026-10-01,2026-10-01
PRD-00184,FREEZE-READY,CAT-010,OWNER-OFFICIAL-MENU-2026-10-01.xlsx,Sheet2,19,18,dfde223f219443454872e81ae64a1e8d4c55e486fe52a29f87ca1682979c8d97,MV-2026-10-01,Sheet2!R19 (#18),CAKE,BROWNIES,,MISSING — OWNER INPUT REQUIRED,3.50,3500,JOD,true,2026-10-01,,,,,,,براونيز,,ARS,ARABIC_NAME_MISSING,ARABIC_NAME_MISSING,PENDING OWNER REVIEW,PRESENT IN CURRENT OWNER FILE,ON OFFICIAL MENU MV-2026-10-01,NONE,,,,UNKNOWN,UNKNOWN,UNCONFIRMED — desserts (MQ-16),false (D-119),DESCRIPTION MISSING,MISSING,,,2026-10-01,2026-10-01
PRD-00185,FREEZE-READY,CAT-010,OWNER-OFFICIAL-MENU-2026-10-01.xlsx,Sheet2,20,19,dfde223f219443454872e81ae64a1e8d4c55e486fe52a29f87ca1682979c8d97,MV-2026-10-01,Sheet2!R20 (#19),CAKE,PASSION FRUIT CHEESECAKE,,MISSING — OWNER INPUT REQUIRED,3.50,3500,JOD,true,2026-10-01,,,,,,,تشيز كيك باشن فروت,,ARS,ARABIC_NAME_MISSING,ARABIC_NAME_MISSING,PENDING OWNER REVIEW,PRESENT IN CURRENT OWNER FILE,ON OFFICIAL MENU MV-2026-10-01,NONE,,,,UNKNOWN,UNKNOWN,UNCONFIRMED — desserts (MQ-16),false (D-119),DESCRIPTION MISSING,MISSING,,,2026-10-01,2026-10-01
PRD-00186,FREEZE-READY,CAT-010,OWNER-OFFICIAL-MENU-2026-10-01.xlsx,Sheet2,21,20,dfde223f219443454872e81ae64a1e8d4c55e486fe52a29f87ca1682979c8d97,MV-2026-10-01,Sheet2!R21 (#20),CAKE,LONDON CAKE,,MISSING — OWNER INPUT REQUIRED,3.50,3500,JOD,true,2026-10-01,,,,,,,لندن كيك,,ARS,ARABIC_NAME_MISSING,ARABIC_NAME_MISSING,PENDING OWNER REVIEW,PRESENT IN CURRENT OWNER FILE,ON OFFICIAL MENU MV-2026-10-01,NONE,,,,UNKNOWN,UNKNOWN,UNCONFIRMED — desserts (MQ-16),false (D-119),DESCRIPTION MISSING,MISSING,,,2026-10-01,2026-10-01
PRD-00187,FREEZE-READY,CAT-010,OWNER-OFFICIAL-MENU-2026-10-01.xlsx,Sheet2,22,21,dfde223f219443454872e81ae64a1e8d4c55e486fe52a29f87ca1682979c8d97,MV-2026-10-01,Sheet2!R22 (#21),CAKE,SAN SEBASTIAN BERRIES,,MISSING — OWNER INPUT REQUIRED,4.00,4000,JOD,true,2026-10-01,,,,,,,سان سيباستيان بيريز,,ARS,ARABIC_NAME_MISSING,ARABIC_NAME_MISSING,PENDING OWNER REVIEW,PRESENT IN CURRENT OWNER FILE,ON OFFICIAL MENU MV-2026-10-01,NONE,,,,UNKNOWN,UNKNOWN,UNCONFIRMED — desserts (MQ-16),false (D-119),DESCRIPTION MISSING,MISSING,,,2026-10-01,2026-10-01
PRD-00188,FREEZE-READY,CAT-011,OWNER-OFFICIAL-MENU-2026-10-01.xlsx,Sheet2,24,22,dfde223f219443454872e81ae64a1e8d4c55e486fe52a29f87ca1682979c8d97,MV-2026-10-01,Sheet2!R24 (#22),COOKIES,COOCKIES CHOCOLATE,,MISSING — OWNER INPUT REQUIRED,1.00,1000,JOD,true,2026-10-01,,,,,,COOKIES CHOCOLATE,كوكيز شوكليت,,NR-14 ARS,ARABIC_NAME_MISSING,ARABIC_NAME_MISSING · SUGGESTED_CORRECTION,PENDING OWNER REVIEW,PRESENT IN CURRENT OWNER FILE,ON OFFICIAL MENU MV-2026-10-01,NONE,,,,UNKNOWN,UNKNOWN,UNCONFIRMED — desserts (MQ-16),false (D-119),DESCRIPTION MISSING,MISSING,,,2026-10-01,2026-10-01
PRD-00189,FREEZE-READY,CAT-011,OWNER-OFFICIAL-MENU-2026-10-01.xlsx,Sheet2,25,23,dfde223f219443454872e81ae64a1e8d4c55e486fe52a29f87ca1682979c8d97,MV-2026-10-01,Sheet2!R25 (#23),COOKIES,COOCKIES MILK CHOCOLATE,,MISSING — OWNER INPUT REQUIRED,1.00,1000,JOD,true,2026-10-01,,,,,,COOKIES MILK CHOCOLATE,كوكيز ميلك شوكليت,,NR-14 ARS,ARABIC_NAME_MISSING,ARABIC_NAME_MISSING · SUGGESTED_CORRECTION,PENDING OWNER REVIEW,PRESENT IN CURRENT OWNER FILE,ON OFFICIAL MENU MV-2026-10-01,NONE,,,,UNKNOWN,UNKNOWN,UNCONFIRMED — desserts (MQ-16),false (D-119),DESCRIPTION MISSING,MISSING,,,2026-10-01,2026-10-01
PRD-00190,FREEZE-READY,CAT-011,OWNER-OFFICIAL-MENU-2026-10-01.xlsx,Sheet2,26,24,dfde223f219443454872e81ae64a1e8d4c55e486fe52a29f87ca1682979c8d97,MV-2026-10-01,Sheet2!R26 (#24),COOKIES,NUTELLA COOKIES,,MISSING — OWNER INPUT REQUIRED,1.50,1500,JOD,true,2026-10-01,,,,,,COOKIES NUTELLA,كوكيز نوتيلا,,NR-19 ARS,ARABIC_NAME_MISSING,ARABIC_NAME_MISSING · SUGGESTED_CORRECTION,PENDING OWNER REVIEW,PRESENT IN CURRENT OWNER FILE,ON OFFICIAL MENU MV-2026-10-01,NONE,,,,UNKNOWN,UNKNOWN,UNCONFIRMED — desserts (MQ-16),false (D-119),DESCRIPTION MISSING,MISSING,,,2026-10-01,2026-10-01
PRD-00191,FREEZE-READY,CAT-011,OWNER-OFFICIAL-MENU-2026-10-01.xlsx,Sheet2,27,25,dfde223f219443454872e81ae64a1e8d4c55e486fe52a29f87ca1682979c8d97,MV-2026-10-01,Sheet2!R27 (#25),COOKIES,COOCKIES KINDER,,MISSING — OWNER INPUT REQUIRED,1.50,1500,JOD,true,2026-10-01,,,,,,COOKIES KINDER,كوكيز كيندر,,NR-14 ARS,ARABIC_NAME_MISSING,ARABIC_NAME_MISSING · SUGGESTED_CORRECTION,PENDING OWNER REVIEW,PRESENT IN CURRENT OWNER FILE,ON OFFICIAL MENU MV-2026-10-01,NONE,,,,UNKNOWN,UNKNOWN,UNCONFIRMED — desserts (MQ-16),false (D-119),DESCRIPTION MISSING,MISSING,,,2026-10-01,2026-10-01
PRD-00192,FREEZE-READY,CAT-011,OWNER-OFFICIAL-MENU-2026-10-01.xlsx,Sheet2,28,26,dfde223f219443454872e81ae64a1e8d4c55e486fe52a29f87ca1682979c8d97,MV-2026-10-01,Sheet2!R28 (#26),COOKIES,COOKIES PISTACHIO,,MISSING — OWNER INPUT REQUIRED,1.50,1500,JOD,true,2026-10-01,,,,,,,كوكيز فستق,,ARS,ARABIC_NAME_MISSING,ARABIC_NAME_MISSING,PENDING OWNER REVIEW,PRESENT IN CURRENT OWNER FILE,ON OFFICIAL MENU MV-2026-10-01,NONE,,,,UNKNOWN,UNKNOWN,UNCONFIRMED — desserts (MQ-16),false (D-119),DESCRIPTION MISSING,MISSING,,,2026-10-01,2026-10-01
